01/01/2025,1,12,2002.31,1.08922,445.59088,1.824,3.262,9.43,0.057,20.55,10454.47428,45.93,12.95,8.39,1.05,0.36,99.04471471,0.37,3.28,9.81,0.03,1.25,654.1939687,1.84,51.15,11.26,0.43,0.39,65.96275777,0.28,0.41,9.38,0.01,2.10,609.33,1.13,5.46,35.22,0.09,0.36,67.26,0.29,0.48,9.30,0.01
01/01/2025,2,10.68,1827.59,1.138574406,589.3360131,1.826,3.127,9.87,0.05,20.42,13004.49215,43.11,15.82,10.54,1.06,0.36,117.0765932,0.35,3.10,9.99,0.02,1.19,700.4342395,1.97,49.88,12.77,0.44,0.39,92.27681734,0.31,0.41,9.36,0.01,2.02,565.85,0.90,3.53,37.01,0.07,0.36,60.04,0.32,0.31,9.11,0.01
02/01/2025,1,0,0.00,0,0,0,0,0,0,0.00,0,0.00,0.00,0.00,0.00,0.00,0,0.00,0.00,0.00,0.00,0.00,0,0.00,0.00,0.00,0.00,0.00,0,0.00,0.00,0.00,0.00,0.00,0.00,0.00,0.00,0.00,0.00,0.00,0.00,0.00,0.00,0.00,0.00
02/01/2025,2,0,0.00,0,0,0,0,0,0,0.00,0,0.00,0.00,0.00,0.00,0.00,0,0.00,0.00,0.00,0.00,0.00,0,0.00,0.00,0.00,0.00,0.00,0,0.00,0.00,0.00,0.00,0.00,0.00,0.00,0.00,0.00,0.00,0.00,0.00,0.00,0.00,0.00,0.00
03/01/2025,1,0,0.00,0,0,0,0,0,0,0.00,0,0.00,0.00,0.00,0.00,0.00,0,0.00,0.00,0.00,0.00,0.00,0,0.00,0.00,0.00,0.00,0.00,0,0.00,0.00,0.00,0.00,0.00,0.00,0.00,0.00,0.00,0.00,0.00,0.00,0.00,0.00,0.00,0.00
03/01/2025,2,0,0.00,0,0,0,0,0,0,0.00,0,0.00,0.00,0.00,0.00,0.00,0,0.00,0.00,0.00,0.00,0.00,0,0.00,0.00,0.00,0.00,0.00,0,0.00,0.00,0.00,0.00,0.00,0.00,0.00,0.00,0.00,0.00,0.00,0.00,0.00,0.00,0.00,0.00
04/01/2025,1,0,0.00,0,0,0,0,0,0,0.00,0,0.00,0.00,0.00,0.00,0.00,0,0.00,0.00,0.00,0.00,0.00,0,0.00,0.00,0.00,0.00,0.00,0,0.00,0.00,0.00,0.00,0.00,0.00,0.00,0.00,0.00,0.00,0.00,0.00,0.00,0.00,0.00,0.00
04/01/2025,2,8.73,1550.11,1.026,257.13,1.48,2.8,9.345,0.064,29.61,9838.23,42.35,9.31,9.90,1.40,0.43,68.18,0.24,2.45,8.36,0.03,0.00,0,0.00,0.00,0.00,0.00,0.46,144.85,0.32,0.76,8.11,0.02,0.00,0.00,0.00,0.00,0.00,0.00,0.00,0.00,0.00,0.00,0.00,0.00
05/01/2025,1,11.54,1938.53,1.05,268.27,1.2,2.36,8.231,0.056,14.99,6984.91,36.58,8.79,9.71,1.10,0.33,224.61,0.17,2.11,7.84,0.02,1.50,752.28,1.23,51.75,10.39,0.50,0.30,54.12,0.38,0.88,6.89,0.02,2.60,349.99,0.50,2.73,36.01,0.05,0.30,43.79,0.14,0.33,6.89,0.01
05/01/2025,2,11.06,1849.78,1.1,353.18,1.44,2.67,8.339,0.055,16.19,10269.9,41.93,10.14,9.72,0.97,0.40,70.02,0.21,2.22,8.09,0.02,1.10,514.72,1.25,48.32,12.36,0.41,0.43,61.3,0.17,0.93,7.00,0.01,1.80,243.41,0.45,1.65,32.87,0.04,0.30,32.76,0.14,0.17,5.63,0.01
06/01/2025,1,11.59,1879.74,1.15,363.94,1.12,2.24,7.446,0.047,20.17,9559.53,36.46,11.33,10.62,0.91,0.43,67.42,0.17,2.03,7.28,0.02,1.20,501.04,1.02,47.88,11.71,0.38,0.40,45.23,0.12,0.29,6.53,0.01,1.80,342.40,0.42,1.95,36.06,0.04,0.33,34.09,0.14,0.24,6.19,0.01
06/01/2025,2,12,2004.95,1.15,355.13,1.21,2.33,7.934,0.052,20.36,9089.35,36.68,11.31,9.86,1.04,0.43,62.06,0.20,2.39,9.21,0.02,1.20,490.43,0.87,48.64,12.21,0.42,0.40,46.46,0.16,0.38,8.94,0.01,2.20,286.31,0.41,2.17,33.00,0.05,0.30,26.46,0.12,0.18,5.48,0.01
07/01/2025,1,12,1992.20,1.1,383.29,1.1,2.2,7.335,0.047,22.77,10264.24,38.32,12.77,10.30,1.11,0.50,67.62,0.20,2.21,8.28,0.02,1.40,466.74,0.97,51.90,10.78,0.43,0.43,55.18,0.18,0.43,8.50,0.01,2.60,378.42,0.58,3.11,34.78,0.06,0.40,34.03,0.15,0.25,6.58,0.01
07/01/2025,2,12,1978.36,1.2,337.15,0.93,1.84,6.935,0.049,25.38,10971.4,40.54,12.34,9.19,1.36,0.37,73.33,0.17,1.74,7.24,0.02,1.10,548.88,0.90,53.02,8.39,0.41,0.40,60.78,0.15,0.34,6.87,0.01,2.20,372.59,0.42,2.36,34.34,0.05,0.27,33.80,0.16,0.23,6.29,0.01
08/01/2025,1,11.27,1991.84,1.196,361.95,1.18,2.43,7.648,0.056,22.50,10833.05,38.79,11.25,8.73,1.15,0.43,60.21,0.18,1.44,7.54,0.02,1.09,533.71,1.19,51.69,9.86,0.45,0.37,53.33,0.19,0.58,8.07,0.01,1.97,322.60,0.51,2.62,34.18,0.05,0.27,31.17,0.15,0.19,5.88,0.01
08/01/2025,2,12,2129.20,1.248,595.76,1.55,3.63,7.926,0.051,22.19,11230.51,40.38,10.11,8.10,0.72,0.47,108.1,0.21,3.15,7.76,0.02,1.29,610.82,0.96,50.57,9.65,0.32,0.37,62.86,0.14,0.31,6.32,0.01,2.17,317.41,0.39,2.09,33.26,0.04,0.30,29.73,0.13,0.19,4.97,0.01
09/01/2025,1,11.9,1988.11,1.496,765.67,2.13,4.8,9.54,0.058,16.69,12810.4,43.99,11.77,8.33,0.58,0.43,135.69,0.33,4.34,10.05,0.03,1.00,519.77,1.05,50.48,11.02,0.28,0.37,94.03,0.22,0.61,8.24,0.01,1.97,659.41,1.16,10.87,36.08,0.10,0.33,68.96,0.19,0.34,7.32,0.01
09/01/2025,2,11.75,1975.98,1.643,709.73,2.26,4.81,9.784,0.064,25.55,12684.01,46.92,12.03,8.06,0.65,0.53,127.02,0.27,4.21,8.95,0.03,1.19,627.01,0.87,51.98,10.16,0.34,0.43,91.2,0.23,0.80,8.55,0.01,1.98,770.67,1.46,20.52,29.44,0.20,0.40,79.42,0.20,0.47,8.41,0.01
10/01/2025,1,11.95,2188.52,1.648,684.74,1.96,4.14,8.956,0.059,27.17,12502.95,42.14,13.05,8.94,0.79,0.50,109.96,0.27,3.70,8.86,0.03,1.09,562.26,0.83,53.42,10.05,0.34,0.43,84.34,0.23,0.75,8.89,0.01,2.37,672.11,1.37,16.80,31.92,0.16,0.40,75.19,0.20,0.54,9.00,0.01
10/01/2025,2,12,2116.08,1.647,696.67,2.33,4.29,10.171,0.061,21.14,11598.36,39.44,14.77,9.02,0.74,0.50,138.43,0.37,4.01,9.18,0.03,1.09,582.68,1.50,52.64,10.80,0.39,0.47,102.15,0.29,0.39,9.36,0.01,2.17,903.41,1.86,10.10,34.54,0.15,0.43,77.64,0.20,0.23,8.82,0.01
11/01/2025,1,12,2140.95,1.645,639.82,2.04,3.74,8.586,0.067,26.72,12550.33,43.68,14.00,8.86,0.96,0.50,121.24,0.33,3.64,9.66,0.03,1.10,730.20,1.88,52.30,11.08,0.44,0.43,90.00,0.23,0.40,8.42,0.01,1.99,803.73,1.24,5.81,36.83,0.11,0.33,63.40,0.16,0.19,6.41,0.01
11/01/2025,2,12,2102.45,1.6,492.85,1.91,3.53,8.798,0.069,26.48,11263.96,44.66,15.52,9.38,1.13,0.53,82.27,0.24,2.75,7.96,0.03,1.19,660.10,1.36,51.91,10.20,0.44,0.43,65.88,0.22,0.60,8.87,0.02,2.17,701.80,1.02,8.80,36.22,0.13,0.37,49.02,0.16,0.20,7.24,0.01
12/01/2025,1,12,2155.14,1.397,527.92,1.98,3.43,8.547,0.069,26.67,10577.53,46.97,10.91,8.37,1.04,0.53,99.07,0.33,3.39,8.61,0.03,0.89,569.58,1.37,53.51,10.18,0.41,0.53,143.75,0.25,0.48,8.17,0.01,2.77,926.67,2.65,18.64,27.50,0.25,0.40,61.80,0.20,0.27,8.44,0.01
12/01/2025,2,12,2115.52,1.247,354.64,1.68,2.93,8.155,0.067,24.17,8810.01,47.51,10.37,7.13,1.13,0.47,124.33,0.33,2.72,7.67,0.03,2.40,995.12,1.98,51.41,8.58,0.46,0.33,65.12,0.37,0.65,8.07,0.02,2.75,1148.17,3.68,27.85,20.17,0.37,0.37,52.34,0.18,0.25,7.68,0.01
13/01/2025,1,12,2116.64,1.497,364.85,1.51,2.66,7.928,0.058,22.54,7011.35,36.51,12.33,9.45,1.03,0.50,58.7,0.22,2.14,7.60,0.02,1.40,544.57,1.41,53.23,9.28,0.43,0.47,44.43,0.21,0.37,7.97,0.01,3.00,695.50,1.87,12.04,32.29,0.20,0.37,33.32,0.14,0.17,6.42,0.01
13/01/2025,2,12,2132.21,1.949,409.49,1.54,3.16,8.425,0.057,31.10,9094.24,36.51,11.52,8.51,0.84,0.53,62.34,0.25,2.75,8.70,0.02,2.80,384.76,0.64,3.09,38.97,0.06,0.53,47.8,0.21,0.40,8.61,0.01,2.80,384.76,0.64,3.09,38.97,0.06,0.43,29.58,0.17,0.18,7.04,0.01
14/01/2025,1,12,2095.67,1.9971,401.46787,1.435,3.086,8.053,0.052,33.21,9466.019417,39.51,11.11,8.38,0.88,1.03,70.43448462,0.27,3.19,8.73,0.03,1.10,480.130637,1.22,50.93,11.11,0.40,0.66,49.90408176,0.26,0.51,7.94,0.01,3.95,439.39,0.91,6.30,36.09,0.08,0.50,31.98,0.17,0.20,6.51,0.01
14/01/2025,2,12,2078.13,1.495781895,299.8544106,1.324,2.329,7.674,0.052,38.85,10047.09391,42.14,14.41,10.12,0.95,0.50,64.31018012,0.26,2.47,8.01,0.03,1.09,551.7344052,1.48,50.20,10.84,0.49,0.50,43.82855945,0.22,0.41,8.33,0.01,3.34,620.20,1.64,10.94,33.27,0.18,0.40,32.79,0.16,0.19,6.89,0.01
15/01/2025,1,10.83,1923.18,1.54967,299.0857,1.369,2.373,8.095,0.064,34.14,9123.959352,39.19,16.44,10.56,1.27,0.43,54.71341228,0.25,2.21,8.25,0.02,1.40,536.097712,1.95,51.09,12.06,0.58,0.33,42.52019129,0.21,0.50,7.40,0.01,2.99,509.32,1.45,13.81,34.19,0.21,0.37,31.93,0.15,0.20,6.01,0.01
15/01/2025,2,12,2144.78,1.796084536,346.5445329,1.555,2.97,8.013,0.065,30.10,8281.231309,36.87,13.47,10.89,1.32,0.63,64.23783309,0.34,2.79,8.51,0.03,1.00,523.8870521,1.42,50.22,12.69,0.50,0.53,40.7967682,0.23,0.35,8.85,0.01,2.59,398.06,0.89,4.70,37.88,0.10,0.47,24.54,0.12,0.13,5.22,0.01
16/01/2025,1,11.44,1986.79,1.9495,416.64376,1.611,3.118,7.377,0.061,33.73,8730.516694,38.81,10.15,8.91,1.15,0.70,82.44275827,0.32,3.12,8.05,0.03,1.30,544.5811529,2.04,52.51,10.02,0.51,0.67,52.85362944,0.24,0.35,7.25,0.01,4.19,701.87,1.73,9.55,32.63,0.16,0.47,39.33,0.20,0.19,6.35,0.01
16/01/2025,2,12,2127.02,2.192206705,502.1648041,2.108,4.098,8.712,0.064,31.31,9427.139064,40.63,11.06,8.97,0.94,0.70,91.03779084,0.41,4.11,9.12,0.03,1.10,469.4169274,1.95,51.48,11.13,0.39,0.67,66.52142822,0.30,0.37,7.99,0.01,3.56,576.77,1.41,5.74,35.82,0.10,0.50,42.43,0.23,0.19,6.05,0.01
17/01/2025,1,12,2081.41,1.94792,341.78429,1.357,2.403,7.063,0.055,26.50,6948.169699,31.99,14.17,9.67,1.03,0.60,59.18478695,0.18,2.13,7.08,0.02,1.29,495.2138604,1.19,45.43,11.59,0.42,0.50,47.92513155,0.14,0.33,6.69,0.01,2.98,355.27,0.53,2.10,37.75,0.05,0.37,31.44,0.12,0.16,5.79,0.01
17/01/2025,2,12,2119.47,1.44870341,397.2944215,1.373,2.775,7.41,0.047,28.62,10029.21668,37.02,10.69,8.45,0.83,0.56,66.70056531,0.14,2.35,7.62,0.02,1.29,572.5707012,0.81,51.35,10.10,0.44,0.47,42.18384572,0.10,0.29,6.68,0.01,3.36,365.63,0.51,2.92,36.37,0.07,0.37,25.78,0.07,0.14,5.16,0.01
18/01/2025,1,10.89,1906.34,1.04734,488.25982,1.742,3.435,8.15,0.054,22.20,9479.97384,39.41,9.66,8.07,0.69,0.53,86.76342506,0.31,3.57,9.05,0.03,0.70,524.8753496,1.06,52.02,10.71,0.35,0.63,52.19376937,0.25,0.29,9.20,0.01,2.37,409.34,0.62,2.27,34.21,0.05,0.50,45.47,0.19,0.18,6.64,0.01
18/01/2025,2,12,2194.09,1.695819804,471.7371679,1.7,3.218,8.42,0.059,24.41,9280.527005,37.23,12.56,9.13,0.97,0.70,105.7545256,0.29,3.16,8.86,0.03,1.49,661.9686112,1.43,52.43,11.15,0.44,0.70,79.10048593,0.23,0.40,7.96,0.01,3.33,397.66,0.64,2.85,33.11,0.05,0.53,37.93,0.16,0.17,5.02,0.01
19/01/2025,1,12,2244.17,1.59766,474.85434,1.682,3.58,9.239,0.055,25.13,10540.85316,38.26,14.20,11.19,1.01,0.47,82.77185757,0.26,3.20,8.87,0.02,1.10,568.13413,1.24,50.98,12.59,0.39,0.43,53.62278752,0.22,0.24,9.11,0.01,2.60,357.96,0.50,1.60,35.11,0.04,0.30,26.13,0.16,0.13,6.17,0.01
19/01/2025,2,12,2085.18,1.448667226,381.1493426,1.446,2.949,8.437,0.06,25.56,8730.681682,37.64,14.16,10.71,1.35,0.47,67.72926958,0.24,2.70,8.57,0.02,1.60,569.527957,1.18,44.70,16.55,0.40,0.40,43.76112359,0.19,0.22,7.80,0.01,2.40,390.56,0.53,1.62,37.53,0.05,0.30,25.73,0.13,0.09,5.14,0.01
20/01/2025,1,12,2090.98,1.199,365.5,1.66,3.52,8.941,0.053,16.94,7485,33.00,13.89,10.92,0.78,0.37,68.34,0.22,2.42,6.86,0.02,1.10,458.42,1.16,47.25,14.15,0.33,0.37,48.99,0.19,0.25,7.79,0.01,1.59,323.66,0.39,1.37,34.38,0.03,0.27,23.99,0.14,0.11,5.01,0.01
20/01/2025,2,12,2133.85,1.547,431.66,1.51,3.1,8.316,0.052,24.07,9504.16,36.97,14.24,9.62,0.81,0.53,85.35,0.31,2.72,7.94,0.02,1.10,501.75,1.24,51.15,11.36,0.36,0.47,61.62,0.21,0.36,7.86,0.01,2.36,514.66,0.84,4.47,35.64,0.07,0.40,36.41,0.19,0.18,6.66,0.01
21/01/2025,1,11.99,2094.01,1.34968,418.65162,1.414,2.99,7.537,0.045,24.37,9393.291648,38.27,13.66,9.53,0.80,0.30,82.91536834,0.26,2.87,7.86,0.02,1.10,563.233898,1.18,51.29,10.86,0.37,0.37,58.86235009,0.19,0.39,7.51,0.01,2.60,504.17,0.81,5.69,38.29,0.07,0.30,35.82,0.14,0.16,6.37,0.01
21/01/2025,2,12,2074.44,1.249531426,446.8824191,1.623,3.213,8.624,0.049,26.33,11313.17564,42.27,11.39,10.41,0.96,0.37,95.38251321,0.40,3.05,9.92,0.03,1.20,617.8034543,2.20,50.63,13.67,0.44,0.37,62.25110389,0.23,0.26,9.46,0.01,2.40,447.19,0.61,1.94,41.66,0.05,0.30,34.42,0.17,0.12,6.33,0.01
22/01/2025,1,10.16,1758.29,1.94826,374.96441,0.968,1.824,6.392,0.036,33.10,12900.58829,38.66,12.10,10.11,0.96,0.43,83.74600932,0.19,1.69,6.71,0.02,1.50,682.1838678,1.38,49.66,12.54,0.48,0.40,56.30292975,0.16,0.34,7.07,0.01,3.40,478.81,0.62,3.09,39.24,0.06,0.20,32.49,0.12,0.11,5.11,0.01
22/01/2024,2,12,2206.06,1.300026001,674.2634853,1.768,3.132,8.13,0.041,23.55,15026.14562,41.05,10.83,8.37,0.54,0.50,96.1182748,0.31,2.84,8.06,0.02,1.50,732.1261006,1.43,50.24,11.44,0.34,0.30,95.74528355,0.25,0.81,7.83,0.01,2.59,675.31,1.13,7.63,36.52,0.11,0.27,58.55,0.15,0.19,5.49,0.01
23/01/2025,1,12,2147.82,1.399895008,620.0034997,1.399260373,3.034581526,7.821176406,0.045906898,22.59,14096.70584,39.12,13.55,9.45,0.75,0.40,138.1751285,0.35,3.13,8.41,0.02,0.90,760.1602862,1.83,51.18,10.18,0.37,0.40,99.00561176,0.25,0.73,8.27,0.01,2.20,954.49,1.45,8.90,33.67,0.13,0.33,63.17,0.16,0.19,6.09,0.01
23/01/2025,2,12,2074.92,1.449623098,567.8523584,1.497406595,3.076141351,8.073242537,0.053080404,22.37,11495.17589,36.48,11.74,9.51,0.83,0.30,84.094674,0.24,2.63,7.66,0.02,1.10,722.5003247,1.29,52.07,10.15,0.39,0.37,75.75934326,0.20,0.33,8.16,0.01,2.20,656.70,0.64,2.70,39.85,0.05,0.30,51.39,0.16,0.16,6.26,0.01
24/01/2025,1,12,2070.36,1.699311779,703.2651776,1.63226859,3.621256281,8.349944043,0.047447083,25.72,11643.21027,35.72,10.58,9.36,0.58,0.47,136.0943196,0.31,3.12,7.77,0.02,1.10,793.9108199,1.20,52.29,9.56,0.34,0.40,84.61838409,0.20,0.32,7.65,0.01,1.80,798.87,0.90,5.49,36.85,0.08,0.40,62.06,0.16,0.17,6.89,0.01
24/01/2025,2,10.17,733.06,1.799523126,756.7494614,2.136375894,4.496308875,9.099987387,0.053077438,23.77,12624.9975,39.56,9.01,7.98,0.53,0.40,135.7633439,0.36,4.16,9.15,0.03,0.90,673.708193,1.35,51.28,10.24,0.32,0.43,93.25703011,0.26,0.30,8.74,0.01,2.79,1002.12,1.17,4.54,37.09,0.07,0.37,63.55,0.17,0.14,7.36,0.01
25/01/2025,1,10.56,2014.20,1.049176397,720.4344589,2.222,4.561,8.83,0.056,22.93,12010.96601,42.84,10.02,7.79,0.58,0.57,226.9735636,0.55,4.32,8.98,0.03,1.20,1164.126905,3.63,49.27,10.31,0.35,0.50,174.3587351,0.40,1.48,8.63,0.02,2.40,988.90,1.41,14.28,31.16,0.13,0.43,148.56,0.29,0.87,7.96,0.01
25/01/2025,2,12,2286.62,1.399237416,687.3753804,1.755,3.772,7.457,0.047,22.18,11380.1235,32.71,10.37,8.05,0.47,0.30,84.15656788,0.27,3.27,6.90,0.02,1.20,689.1241963,1.13,51.38,8.31,0.27,0.27,87.5202053,0.19,0.28,6.20,0.01,2.20,641.53,0.63,2.96,37.53,0.04,0.30,53.50,0.13,0.14,4.64,0.00
26/01/2025,1,12,2163.78,1.549086039,729.669495,1.937,4.025,8.783,0.051,20.95,11449.94614,34.23,11.38,8.94,0.50,0.50,128.3576816,0.31,3.64,8.57,0.02,1.10,648.8240875,1.26,52.23,9.91,0.31,0.47,90.55429091,0.27,0.40,9.17,0.01,2.79,646.18,0.79,3.78,36.13,0.05,0.40,58.28,0.16,0.13,5.88,0.01
26/01/2025,2,12,2126.94,1.649084758,675.5250836,1.52,3.153,7.354,0.046,24.96,14108.39091,41.95,8.62,6.26,0.46,0.30,120.9419479,0.28,3.22,8.13,0.02,0.90,710.9108889,0.82,52.31,7.19,0.24,0.37,92.5466149,0.23,0.32,8.25,0.01,2.20,755.07,0.62,2.95,36.32,0.04,0.27,55.35,0.12,0.10,5.13,0.00
27/01/2025,1,11.95,2034.07,1.85004,550.41101,1.602,3.406,8.641,0.055,28.12,12670.69474,38.81,15.80,9.92,0.90,0.50,123.3411762,0.27,3.14,8.65,0.03,1.09,656.4326037,1.44,52.87,11.07,0.42,0.40,81.88389617,0.22,0.36,8.43,0.01,2.20,701.48,0.84,4.52,34.88,0.07,0.30,57.05,0.17,0.15,7.14,0.01
27/01/2025,2,12,2090.41,1.598744985,567.7043521,1.701,3.571,8.319,0.053,28.50,12716.1109,42.61,13.79,9.39,0.91,0.37,115.0172309,0.30,3.28,8.42,0.02,0.80,684.9274031,1.23,52.87,9.99,0.38,0.40,80.98704207,0.23,0.32,8.14,0.01,2.00,896.60,1.16,5.37,29.48,0.09,0.30,51.22,0.15,0.12,6.38,0.01
28/01/2025,1,11.75,2000.94,1.59955,492.31215,1.479,3.028,7.691,0.048,28.55,11893.14379,39.64,13.80,8.74,0.80,0.57,94.4543876,0.24,2.60,7.67,0.02,1.80,589.6879593,1.16,52.78,8.48,0.32,0.53,60.59070942,0.23,0.33,7.85,0.01,2.60,634.74,0.85,4.40,36.47,0.07,0.50,41.20,0.16,0.13,6.33,0.01
28/01/2025,2,12,2112.95,1.649364994,520.849473,1.595,2.874,7.767,0.056,29.20,11490.37019,42.15,13.94,8.71,0.98,0.47,67.22369794,0.25,2.62,7.56,0.02,1.30,548.8506034,1.54,52.90,9.71,0.45,0.40,53.851,0.23,0.33,7.60,0.01,2.20,622.50,0.89,3.99,35.74,0.08,0.37,38.90,0.15,0.12,5.46,0.01
29/01/2025,1,11.75,2029.07,1.4475,347.00142,1.009,2.11,6.544,0.035,38.78,12564.51258,40.13,11.60,8.33,0.55,0.30,57.93611728,0.22,2.05,7.39,0.01,0.70,588.02996,1.64,52.03,11.21,0.41,0.29,45.50001828,0.20,0.29,7.59,0.00,3.73,396.77,0.90,4.35,30.02,0.08,0.20,23.57,0.13,0.09,4.55,0.00
29/01/2025,2,12,2103.46,1.19483235,345.6052573,1.242,2.407,7.192,0.042,36.00,11894.9284,45.06,11.89,7.88,0.79,0.30,75.64085072,0.23,2.39,7.48,0.02,1.49,801.1268947,1.66,51.22,12.99,0.47,0.27,53.12752939,0.27,0.34,9.00,0.00,2.18,413.51,1.15,5.16,29.99,0.10,0.26,20.74,0.22,0.17,7.40,0.00
30/01/2025,1,7.8,1356.07,1.3497,446.50177,1.443,2.403,7.945,0.043,34.17,12898.1246,41.51,8.99,6.34,0.65,0.43,117.9966524,0.18,1.73,5.89,0.01,0.90,902.4562661,1.16,51.55,9.95,0.39,0.37,57.23877744,0.18,0.27,6.65,0.01,2.18,589.85,0.75,3.67,29.01,0.06,0.30,26.38,0.12,0.11,4.47,0.00
30/01/2025,2,11.78,2199.47,1.246223941,488.0711444,1.554,3.447,6.451,0.033,19.43,10557.15828,42.71,7.45,7.45,0.61,0.40,91.64305761,0.19,3.01,6.30,0.02,1.19,446.7646709,0.78,51.43,9.58,0.22,0.33,65.4166445,0.16,0.47,5.03,0.01,1.79,784.72,1.25,7.54,27.16,0.09,0.27,44.13,0.15,0.26,5.08,0.01
31/01/2025,1,12,2092.50,,,,,,,,,,,,,,,,,,,,,,,,,,,,,,,,,,,,,,,,,,
31/01/2025,2,12,2077.31,,,,,,,,,,,,,,,,,,,,,,,,,,,,,,,,,,,,,,,,,,
01/02/2025,1,,1960.11,1.3995,326.78399,0.553,1.127,3.61,0.02,30.79,9984.107434,41.27,8.68,8.99,0.92,0.47,60.15818141,0.10,1.12,4.27,0.01,2.29,833.1920411,0.65,51.30,9.79,0.46,0.30,36.89963233,0.09,0.18,5.72,0.01,2.57,458.26,0.55,3.16,35.19,0.06,0.20,20.15,0.08,0.11,4.40,0.01
01/02/2025,2,,2080.45,1.14859871,330.7464893,0.922,1.986,5.72,0.034,27.17,11153.86141,39.38,7.33,6.43,0.65,0.33,69.78220903,0.18,1.82,7.13,0.02,1.20,640.9322651,1.22,52.04,13.95,0.50,0.33,45.30757255,0.09,0.16,4.49,0.01,2.20,572.53,1.19,3.68,35.94,0.07,0.27,24.65,0.08,0.08,3.40,0.01
02/02/2025,1,,2079.15,1.09602,357.25317,1.204,2.359,6.119,0.048,21.42,8251.899462,42.44,6.85,6.48,0.86,0.37,82.49681936,0.16,1.50,4.01,0.01,1.00,546.6289382,1.11,52.36,8.98,0.38,0.30,55.54205922,0.11,0.15,3.85,0.01,1.78,603.74,0.62,2.32,33.41,0.04,0.33,34.14,0.10,0.09,3.91,0.01
02/02/2025,2,,2102.54,1.246223941,380.6466407,1.456,3.076,8.38,0.051,17.26,8984.48685,39.29,10.19,9.97,0.84,0.33,72.2773694,0.25,3.06,7.48,0.03,0.80,478.1771182,1.43,52.12,10.26,0.51,0.20,37.09517763,0.21,0.30,6.83,0.01,2.18,494.65,1.12,3.34,34.74,0.08,0.20,22.95,0.11,0.11,4.55,0.00
03/02/2025,1,,2086.95,2.14337,759.67979,1.627,3.648,6.935,0.042,15.50,10529.46437,52.15,6.61,6.07,0.48,0.59,126.8157724,0.34,3.43,7.81,0.03,1.19,730.9164469,1.26,51.48,7.72,0.20,0.51,97.4384872,0.25,0.90,7.06,0.01,1.98,1274.81,3.23,32.29,18.37,0.22,0.50,68.33,0.23,0.49,8.36,0.01
03/02/2025,2,,2108.03,1.74614974,500.1561557,1.781,4.3,8.595,0.049,18.77,10505.26607,41.49,8.41,5.19,0.39,0.47,110.639229,0.20,3.39,6.78,0.02,1.19,891.6259588,0.75,51.61,8.66,0.24,0.37,87.342207,0.22,0.33,8.22,0.01,2.58,1792.54,2.26,12.13,26.06,0.13,0.30,49.59,0.11,0.11,5.16,0.00
04/02/2025,1,,1597.59,1.44976,622.84723,1.899,5.079,10.178,0.057,17.00,9432.490801,39.71,12.99,10.79,0.80,0.40,97.34589954,0.29,4.57,8.75,0.02,0.80,556.5565963,1.06,51.63,12.98,0.30,0.30,69.56226106,0.16,0.23,5.42,0.01,1.40,500.08,1.35,8.85,30.69,0.08,0.27,49.60,0.14,0.13,5.36,0.00
04/02/2025,2,,2105.99,1.149718319,474.783678,2.062,4.478,10.692,0.06,22.97,11366.8145,39.10,14.25,9.75,0.88,0.40,139.1250079,0.48,4.31,9.32,0.03,1.20,754.0813164,1.96,51.14,14.95,0.46,0.33,84.4846567,0.33,0.77,8.71,0.02,1.80,682.34,1.52,9.87,31.15,0.10,0.27,60.45,0.29,0.47,7.36,0.01
05/02/2025,1,,2048.55,1.34952,598.08768,2.271,4.32,8.913,0.059,19.18,9728.827785,38.80,10.99,10.16,0.73,0.57,113.1269228,0.23,3.40,5.27,0.02,1.20,634.8587537,1.44,51.45,7.81,0.24,0.50,78.53359511,0.34,0.46,8.23,0.02,2.80,663.71,0.92,4.22,31.62,0.05,0.40,50.50,0.19,0.18,6.67,0.01
05/02/2025,2,,2112.58,1.649736042,584.456487,1.874,3.144,7.744,0.055,22.99,10375.30242,34.66,11.99,9.96,0.77,0.50,95.52823849,0.20,2.16,5.72,0.02,0.90,646.3996161,1.36,52.09,9.04,0.31,0.43,75.300251,0.25,0.34,8.35,0.01,3.80,604.87,0.60,2.47,32.92,0.04,0.37,45.53,0.16,0.12,4.96,0.01
06/02/2025,1,,2077.60,1.09981,484.91514,1.206,2.816,6.405,0.034,21.36,9962.464561,34.98,7.40,6.72,0.50,0.67,180.030533,0.61,2.22,5.87,0.02,0.80,545.7181423,0.77,52.18,7.31,0.21,0.40,64.48452371,0.14,0.19,5.48,0.01,1.80,503.28,0.46,2.23,34.09,0.03,0.40,40.70,0.07,0.06,2.97,0.00
06/02/2025,2,,1821.74,1.599688061,574.4379846,1.474,2.394,7.035,0.043,26.95,10195.43649,33.23,10.21,7.79,0.69,0.50,109.0992727,0.30,2.02,6.74,0.02,1.10,721.5382155,1.52,51.83,8.74,0.39,0.40,77.68756999,0.20,0.23,5.75,0.01,1.80,519.76,0.84,3.01,34.62,0.05,0.37,47.46,0.11,0.08,2.83,0.00
07/02/2025,1,,1957.45,1.84807,549.52575,1.595,3.038,6.706,0.045,30.72,11355.63659,39.17,9.84,7.51,0.78,0.50,120.1441197,0.27,2.45,5.63,0.02,1.19,779.4430843,1.44,52.89,7.53,0.29,0.40,91.3494533,0.24,0.44,6.32,0.01,2.79,933.88,1.58,8.37,31.75,0.10,0.37,60.69,0.19,0.21,5.78,0.01
07/02/2025,2,,2145.64,1.295924318,493.298576,1.976,3.657,8.816,0.057,29.29,11870.95231,39.82,10.47,8.21,0.82,0.37,87.56305039,0.32,3.42,8.78,0.03,1.30,757.0795223,1.67,53.27,11.07,0.48,0.30,60.95467891,0.25,0.49,8.47,0.01,2.36,719.35,1.36,6.79,32.94,0.10,0.37,44.96,0.20,0.28,5.99,0.01
08/02/2025,1,,1972.37,1.09527,403.10857,1.203,2.503,6.784,0.039,23.13,10501.53207,40.85,11.55,9.65,0.99,0.399017088,162.6659662,0.19,1.67,6.25,0.02,1.00,748.7088653,1.33,52.92,9.68,0.38,0.33,63.92834725,0.15,0.27,6.29,0.01,2.39,716.99,1.22,4.91,34.90,0.08,0.30,52.51,0.18,0.21,6.16,0.01
08/02/2025,2,,2016.12,1.146223195,391.4601388,1.446,2.718,7.654,0.05,21.88,10521.49009,39.25,7.09,6.85,0.74,0.40,79.48595748,0.15,1.92,5.94,0.02,0.90,752.6613523,0.85,52.82,7.26,0.30,0.30,47.12961977,0.12,0.15,5.10,0.01,2.76,716.63,0.84,3.69,35.04,0.06,0.17,33.55,0.10,0.11,3.96,0.00
09/02/2025,1,,2107.28,1.39887,565.94441,1.546,3.371,7.123,0.047,21.28,10142.61561,39.66,7.62,6.56,0.58,0.47,105.6127135,0.24,2.95,6.64,0.02,1.19,637.9384025,0.76,52.70,6.61,0.21,0.43,71.72028755,0.17,0.24,5.24,0.01,2.96,706.58,1.00,4.99,33.80,0.06,0.40,47.65,0.13,0.13,5.53,0.00
09/02/2025,2,,2078.35,1.09929645,386.2861102,1.73,3.831,8.298,0.063,22.31,9954.975595,44.87,6.43,4.70,0.57,0.80,122.2935969,0.43,1.47,3.49,0.02,0.90,686.0118899,0.52,52.59,4.77,0.18,0.27,64.09081976,0.21,0.27,7.00,0.01,2.99,736.98,1.48,8.56,31.90,0.12,0.30,46.32,0.16,0.13,5.15,0.01
10/02/2025,1,,2143.53,1.54995,557.98326,1.389,2.414,5.195,0.041,21.60,10448.36413,45.38,8.48,7.28,0.61,0.42,102.122418,0.19,1.96,4.41,0.02,1.30,694.4277771,1.08,52.61,6.89,0.27,0.40,85.03134927,0.14,0.21,3.94,0.01,2.80,707.27,0.58,11.55,25.26,0.05,0.27,51.13,0.08,0.08,3.18,0.00
10/02/2025,2,,1938.01,1.1000055,365.801829,1.363,2.245,5.629,0.047,21.59,9873.835326,41.70,13.02,7.85,1.12,0.30,82.79613618,0.16,1.48,4.60,0.02,1.00,761.2076121,1.87,53.39,10.72,0.43,0.27,65.83443057,0.16,0.30,4.99,0.01,2.40,753.34,0.96,8.34,28.71,0.09,0.23,43.80,0.13,0.11,3.55,0.01
11/02/2025,1,,,,,,,,,,,,,,,,,,,,,,,,,,,,,,,,,,,,,,,,,,,,
11/02/2025,2,,,,,,,,,,,,,,,,,,,,,,,,,,,,,,,,,,,,,,,,,,,,
12/02/2025,1,,,,,,,,,,,,,,,,,,,,,,,,,,,,,,,,,,,,,,,,,,,,
12/02/2025,2,,,,,,,,,,,,,,,,,,,,,,,,,,,,,,,,,,,,,,,,,,,,
13/02/2025,1,,,,,,,,,,,,,,,,,,,,,,,,,,,,,,,,,,,,,,,,,,,,
13/02/2025,2,,2094.01,1.354994,403.30765,1.693,3.334,7.256,0.084,22.82,9147.982063,49.76,9.28,7.25,1.37,0.50,130.0242316,0.40,3.28,7.58,0.05,3.30,1582.515147,4.04,50.01,9.75,0.67,0.43,125.7628938,0.33,1.02,7.12,0.02,,,,,,,0.41,116.49,0.27,0.55,6.05,0.01
14/02/2025,1,,2126.87,1.19658,345.21441,1.474,2.736,6.612,0.08,22.82,9147.982063,49.76,9.28,7.25,1.37,0.40,95.42080074,0.26,2.39,5.90,0.04,2.20,1027.460845,2.40,50.22,7.38,0.54,0.37,57.57320616,0.20,0.75,6.85,0.02,,,,,,,0.37,51.32,0.14,0.31,5.06,0.01
14/02/2025,2,,2123.61,1.046822893,397.1945146,1.115,2.572,5.148,0.045,15.33,7616.525635,35.66,13.93,10.19,1.02,0.40,82.18931838,0.19,2.23,4.96,0.02,1.10,570.7500574,0.85,51.21,6.64,0.28,0.33,50.7947075,0.18,0.42,7.29,0.01,,,,,,,0.37,55.21,0.09,0.22,3.97,0.01
15/02/2025,1,,2009.65,1.04994,372.77763,1.184,2.465,6.427,0.044,16.60,7798.820118,35.21,10.23,7.57,0.74,0.33,84.53079741,0.18,2.27,5.82,0.02,1.10,690.6447484,1.24,50.92,9.36,0.38,0.30,49.39687153,0.14,0.18,5.37,0.01,,,,,,,0.33,30.90,0.12,0.18,5.22,0.01
15/02/2025,2,,2150.23,1.049952752,306.6362014,1.033,2.166,5.794,0.046,16.60,7544.094709,35.74,8.17,7.01,0.85,0.30,55.26279827,0.16,2.20,6.37,0.02,1.10,591.0349862,0.82,52.59,8.60,0.34,0.27,38.36321398,0.12,0.23,5.30,0.01,,,,,,,0.27,31.30,0.09,0.17,4.28,0.01
16/02/2025,1,,2106.58,0.94997,337.1882,1.262,2.588,6.487,0.056,16.99,7576.623948,39.59,10.55,7.69,1.10,0.37,62.83249557,0.16,2.00,5.38,0.02,0.90,507.5949241,0.91,51.56,8.68,0.38,0.90,507.5949241,0.91,51.56,8.68,0.38,,,,,,,0.27,25.03,0.11,0.13,4.40,0.01
16/02/2025,2,,2116.39,0.849923507,329.6703297,1.613,3.445,7.202,0.063,17.20,8044.760895,39.52,14.45,8.71,1.29,0.43,71.93429246,0.20,3.13,7.40,0.03,1.10,522.4007439,0.93,51.61,9.05,0.40,1.10,522.4007439,0.93,51.61,9.05,0.40,2.40,409.63,0.70,5.47,30.31,0.08,0.30,27.27,0.12,0.18,4.17,0.01
17/02/2025,1,,2109.41,1.04718,396.23215,1.852,3.299,7.916,0.059,17.46,8545.087193,41.48,10.58,7.15,0.82,0.27,73.43863864,0.25,2.83,6.61,0.02,0.90,518.5163069,0.98,52.14,8.60,0.35,0.23,51.49783123,0.24,0.41,7.41,0.01,1.79,426.94,0.52,3.57,32.46,0.05,0.27,33.18,0.14,0.15,4.49,0.01
17/02/2025,2,,1976.29,1.095841282,348.3779058,1.526,3.127,7.231,0.061,19.33,9011.912275,38.68,16.66,9.69,1.29,0.40,64.4322181,0.26,3.00,7.53,0.03,1.09,596.7671385,1.35,52.84,10.98,0.49,0.30,53.13047555,0.23,0.45,8.01,0.01,2.98,386.20,0.62,4.21,33.32,0.07,0.27,32.31,0.13,0.13,4.29,0.01
18/02/2025,1,,1965.76,1.04825,336.68941,1.316,2.563,5.98,0.054,20.52,8988.327623,39.85,15.68,10.08,1.41,0.40,68.42238575,0.26,2.70,6.97,0.02,1.10,621.4012713,1.47,53.46,10.67,0.51,0.33,45.18057235,0.22,0.47,7.72,0.01,2.20,372.40,0.62,4.83,33.77,0.08,0.33,32.62,0.16,0.21,5.94,0.01
18/02/2025,2,,2036.80,0.899878516,223.6711544,1.12,2.182,7.125,0.053,25.59,9021.234904,39.52,15.77,9.95,1.46,0.43,65.92190687,0.18,2.11,5.73,0.02,0.60,431.3241206,1.00,54.76,7.96,0.41,0.30,43.39840873,0.18,0.39,6.07,0.01,1.80,365.43,0.44,3.87,32.50,0.06,0.23,33.24,0.16,0.26,4.41,0.01
19/02/2025,1,,2016.83,1.14901,398.2575,1.452,3.175,7.008,0.058,23.16,10544.86284,38.65,12.48,8.05,1.19,0.37,84.68419228,0.23,2.52,6.13,0.02,0.90,615.5807,0.98,53.89,9.29,0.39,0.40,54.76265074,0.24,0.48,7.29,0.01,2.40,383.29,0.54,5.29,31.62,0.07,0.30,33.90,0.18,0.24,5.75,0.01
19/02/2025,2,,2025.63,0.95001425,313.6047041,1.239,2.203,5.767,0.045,21.59,9035.901331,36.68,12.74,8.37,1.08,0.30,65.45772078,0.19,1.92,5.71,0.02,1.10,686.3058598,1.11,53.75,9.34,0.47,0.33,45.8266121,0.19,0.32,5.84,0.01,1.80,361.77,0.48,3.34,31.00,0.06,0.30,30.39,0.15,0.14,3.98,0.01
20/02/2025,1,,2152.74,1.24879,480.03676,1.368,3.322,7.215,0.048,22.99,12183.67592,43.44,11.27,8.33,0.97,0.40,79.36587301,0.21,2.91,7.84,0.02,1.10,533.1430795,0.89,53.42,10.71,0.37,0.33,52.25760868,0.18,0.39,7.10,0.01,2.60,379.18,0.63,3.84,30.92,0.05,0.33,52.26,0.18,0.39,7.10,0.01
20/02/2025,2,,2011.30,0.899982,311.1937761,0.948,1.976,5.551,0.041,19.18,10107.87271,38.00,12.41,8.30,0.98,0.37,67.8324289,0.13,1.75,5.48,0.02,0.90,541.5696425,1.22,52.96,9.05,0.40,0.33,44.39748414,0.13,0.32,5.22,0.01,2.20,371.69,0.71,3.62,28.92,0.06,0.37,33.13,0.13,0.16,4.45,0.01
21/02/2025,1,,2011.28,0.95,281.84909,1.045,1.924,6.604,0.062,24.16,7044.238601,41.34,9.24,7.54,1.40,0.30,53.49803841,0.17,1.72,6.42,0.02,1.20,683.8247793,1.22,53.38,8.69,0.50,0.37,36.93074818,0.14,0.29,5.86,0.01,1.80,474.71,1.13,7.27,28.83,0.13,0.30,24.89,0.10,0.05,4.58,0.01
21/02/2025,2,,2034.04,0.849974501,299.2940212,0.839,1.719,5.917,0.045,23.79,7441.316431,39.54,11.39,8.28,1.08,0.37,51.83046859,0.16,1.36,5.02,0.02,0.90,687.1464833,1.08,52.99,8.67,0.48,0.33,37.19936936,0.10,0.18,5.04,0.01,1.80,450.85,0.66,4.35,28.87,0.09,0.27,20.99,0.09,0.12,3.90,0.01
22/02/2025,1,,2016.13,0.89996,543.82553,1.075,2.797,7.347,0.038,15.59,14820.11513,39.20,10.59,8.32,0.79,0.27,92.86997204,0.16,2.28,6.93,0.02,0.56,501.3290165,0.90,53.21,10.46,0.37,0.30,59.9585,0.17,0.29,7.64,0.01,1.80,697.08,1.01,4.04,29.57,0.07,0.27,32.63,0.10,0.09,4.84,0.01
22/02/2025,2,,1989.07,0.799584216,706.0328629,1.103,2.354,6.701,0.041,20.58,15948.8789,48.90,10.87,7.74,1.09,0.23,132.9635642,0.18,2.19,6.18,0.02,0.65,439.4398784,0.90,53.44,10.53,0.39,0.23,90.06336434,0.18,0.46,6.78,0.01,1.80,1121.19,1.38,7.76,29.29,0.10,0.27,50.62,0.12,0.11,5.24,0.01
23/02/2025,1,,1928.58,0.69988,309.19744,0.924,1.957,7.03,0.042,24.99,16420.50339,48.21,11.18,8.20,1.27,0.30,123.7592411,0.25,1.92,7.25,0.02,1.50,1851.581484,2.34,53.31,11.24,0.62,0.23,85.86151498,0.20,0.58,6.92,0.02,3.40,2640.88,3.47,28.99,18.32,0.13,0.30,55.23,0.13,0.21,6.02,0.01
23/02/2025,2,,2053.99,0.849834282,237.153755,1.097,2.686,6.482,0.045,20.99,8524.367329,45.28,10.14,6.99,1.02,0.37,66.52313312,0.17,2.66,6.98,0.02,0.90,751.3445429,1.47,54.21,11.04,0.51,0.27,40.63346878,0.16,0.22,6.74,0.01,1.40,502.11,1.19,4.38,29.75,0.09,0.27,22.87,0.12,0.11,4.80,0.01
24/02/2025,1,,2070.08,0.7999,225.27201,1.016,2.048,7.045,0.052,22.19,8072.339745,44.69,9.95,8.19,1.42,0.37,64.02501008,0.17,1.95,6.92,0.02,1.20,579.5478407,0.91,53.19,9.00,0.45,0.30,36.9793178,0.16,0.27,7.33,0.01,2.20,390.96,0.63,2.33,28.51,0.06,0.27,19.90,0.11,0.10,4.97,0.01
24/02/2025,2,,2022.50,0.799908011,544.5373782,1.3,2.616,6.843,0.048,19.58,15909.00917,37.61,10.08,7.94,0.81,0.37,177.4084961,0.21,2.44,7.12,0.02,1.40,1127.470089,1.20,51.33,7.53,0.37,0.30,40.33239224,0.13,0.25,5.36,0.01,1.80,502.84,0.70,4.71,30.78,0.08,0.23,21.27,0.09,0.09,3.62,0.01
25/02/2025,1,,1962.34,1.24964,1513.21117,1.755,3.119,8.764,0.044,17.38,21565.0037,46.11,10.52,6.64,0.56,0.63,739.7914972,0.45,2.92,9.28,0.03,2.10,5159.055464,2.47,48.83,10.65,0.35,0.43,332.9867152,0.36,0.29,9.24,0.01,1.80,1715.38,0.89,2.86,33.52,0.05,0.30,189.59,0.27,0.12,7.81,0.01
25/02/2025,2,,1626.77,1.299714063,851.8126012,1.397,2.566,6.742,0.041,27.79,20393.28202,38.98,12.57,7.63,0.82,0.43,179.3922263,0.22,1.71,5.96,0.02,8.40,6997.770647,3.06,46.62,11.78,0.56,0.37,150.5904626,0.19,0.31,6.34,0.01,2.20,1352.18,0.79,3.68,30.71,0.07,0.23,108.71,0.19,0.22,5.48,0.01
26/02/2025,1,,2134.76,0.94981,985.24802,1.665,2.588,8.001,0.045,22.60,18047.95137,42.74,8.94,7.88,0.79,0.33,214.1623834,0.32,2.21,7.71,0.02,0.80,1806.069208,2.19,50.91,10.34,0.36,0.37,168.3644218,0.30,0.19,9.03,0.01,1.60,1195.38,0.93,3.33,31.71,0.05,0.23,111.26,0.21,0.07,5.83,0.01
26/02/2025,2,,2146.78,0.949767307,347.5648466,0.874,1.716,5.921,0.037,27.58,13889.9992,36.37,9.49,7.19,0.90,0.27,92.34973588,0.14,1.44,5.96,0.02,1.30,1592.490403,1.30,51.48,9.35,0.44,0.27,79.02964528,0.14,0.16,5.48,0.01,1.80,963.67,0.71,2.84,29.08,0.06,0.24,58.63,0.16,0.13,4.81,0.01
27/02/2025,1,,1482.83,1.19978,388.88,1.108,1.894,5.96,0.04,27.20,11792.31323,39.71,12.36,8.61,1.06,0.23,108.8293429,0.27,1.78,7.32,0.02,1.60,1340.411281,2.08,50.91,9.89,0.52,0.20,76.63231157,0.20,0.30,6.98,0.01,1.60,530.80,0.58,3.60,31.68,0.07,0.17,35.23,0.16,0.15,4.97,0.01
27/02/2025,2,,2062.39,0.849864022,380.2391617,1.563,2.688,7.82,0.053,21.58,11974.70428,40.19,10.62,9.05,1.06,0.27,69.76341104,0.28,2.19,7.08,0.02,1.50,1015.059398,1.63,51.48,8.58,0.36,0.27,56.7873713,0.21,0.22,6.63,0.01,1.80,631.41,0.83,3.91,30.99,0.06,0.23,36.13,0.15,0.12,4.11,0.01
28/02/2025,1,,1996.54,1.19754,411.00538,1.338,2.505,7.611,0.053,19.68,8660.424991,31.85,9.10,8.95,0.94,0.40,67.8077924,0.24,2.23,7.81,0.02,1.09,590.39,1.87,46.66,10.64,0.42,0.37,46.11923883,0.16,0.23,7.65,0.01,2.38,548.49,1.24,6.00,30.32,0.10,0.30,36.24,0.12,0.13,6.66,0.01
28/02/2025,2,,2129.89,1.196070907,666.0121501,2.222,4.051,9.971,0.064,19.63,12390.47222,42.41,9.91,9.28,0.82,0.40,121.8805956,0.32,3.50,9.70,0.03,0.89,738.27,2.06,52.47,11.30,0.43,0.37,69.84819659,0.24,0.27,9.37,0.01,2.17,639.29,1.15,4.32,33.13,0.07,0.30,56.28,0.14,0.14,6.73,0.01
01/03/2024,1,11.45,1957.37,1.09629,610.932,2.076,4.047,9.249,0.066,20.86,13186.48579,44.75,9.18,8.88,1.14,0.37,112.0041552,0.43,3.63,9.03,0.03,1.09,767.1042854,2.67,53.35,11.01,0.49,0.40,114.5849622,0.40,3.72,9.19,0.03,2.16,766.14,1.80,7.50,32.78,0.11,0.27,72.95,0.28,0.22,8.12,0.01
01/03/2024,2,12,2117.67,0.798686161,344.3335713,1.032,3.252,8.394,0.039,19.50,12850.69834,40.73,11.89,9.50,0.89,0.33,105.0426465,1.18,3.17,8.44,0.04,0.90,880.8826751,1.96,51.29,10.39,0.39,0.30,71.89424846,0.23,0.24,7.54,0.01,1.57,557.36,0.97,3.85,32.82,0.06,0.23,48.44,0.20,0.17,5.87,0.01
02/03/2024,1,11.91,2112.63,0.94979,462.34828,1.369,2.818,7.641,0.044,18.78,11329.82975,41.65,8.94,8.90,0.70,0.40,135.6990953,0.30,2.70,7.92,0.02,1.30,1115.374623,2.08,50.41,10.96,0.41,0.27,85.0143468,0.25,0.39,7.92,0.01,1.80,838.35,1.40,7.00,28.92,0.09,0.23,59.39,0.15,0.14,5.19,0.01
02/03/2024,2,12,2118.22,0.949738822,473.8696858,1.555,3.074,8.385,0.047,18.20,11859.86522,41.28,9.74,10.21,0.81,0.37,141.4083512,0.21,3.34,8.30,0.03,1.40,1213.939303,1.36,50.48,11.46,0.45,0.30,69.82332532,0.15,0.27,7.88,0.01,1.80,591.06,0.69,4.31,30.50,0.05,0.27,39.53,0.12,0.13,5.59,0.01
03/03/2024,1,12,2116.31,0.94987,446.58971,1.29,2.584,7.463,0.042,17.32,11727.47358,44.27,9.67,8.52,0.81,0.40,128.3960488,0.23,2.27,7.28,0.02,1.39,1170.437346,1.52,51.24,9.64,0.40,0.30,84.47673392,0.19,0.27,7.17,0.01,2.17,552.48,1.16,5.31,30.11,0.09,0.27,60.17,0.17,0.19,6.46,0.01
03/03/2024,2,12,2110.67,1.098089325,432.2978018,1.363,2.57,7.682,0.047,23.31,12017.05281,44.77,9.29,7.82,0.86,0.47,98.26616464,0.24,2.29,8.76,0.02,1.20,827.5744987,1.17,51.49,10.45,0.44,0.33,72.75403144,0.17,0.62,7.44,0.01,1.79,568.44,0.84,4.27,34.20,0.07,0.27,39.72,0.15,0.13,5.90,0.01
04/03/2024,1,12,2019.40,1.04968,495.7488,1.562,3.131,8.278,0.054,18.17,10602.94382,36.04,10.68,9.46,0.80,0.43,86.15087234,0.16,2.34,7.82,0.02,0.90,728.3047528,1.15,52.70,10.05,0.42,0.37,77.37704481,0.17,0.61,8.24,0.01,2.00,622.54,0.92,6.12,31.22,0.09,0.20,43.95,0.11,0.17,6.42,0.01
04/03/2024,2,12,2163.88,1.149672343,392.6880839,1.542,3.018,8.289,0.06,14.99,7890.027773,32.11,9.78,11.67,0.53,0.33,71.8796341,0.17,2.60,7.15,0.02,0.90,637.855558,0.86,47.64,11.75,0.35,0.27,47.49287607,0.19,0.25,7.30,0.01,1.60,507.66,0.82,5.00,33.75,0.07,0.23,32.59,0.19,0.17,6.59,0.01
05/03/2024,1,12,2045.61,1.04752,382.99422,1.011,2.331,6.474,0.041,20.63,9643.317662,42.10,8.25,8.60,0.93,0.47,88.81733235,0.14,2.29,6.90,0.02,1.00,725.7992165,0.69,53.52,9.60,0.44,0.43,87.48696524,0.11,0.21,6.89,0.01,2.17,480.90,0.49,2.87,34.32,0.05,0.29,31.03,0.09,0.11,4.78,0.01
05/03/2024,2,12,2054.10,1.497416956,398.3628241,1.593,3.212,8.238,0.055,27.94,9832.362383,43.76,8.61,7.89,0.91,0.83,203.2569195,0.76,2.60,7.21,0.03,1.70,564.1220004,1.16,52.84,9.79,0.40,0.40,61.60171112,0.22,0.32,8.00,0.01,2.76,728.57,1.48,9.21,32.21,0.12,0.30,42.72,0.15,0.14,6.21,0.01
06/03/2024,1,11.73,1899.92,1.44987,449.60954,1.694,2.851,6.422,0.061,29.00058001,9572.591452,44.81,10.223,8.992,1.143,0.699904346,84.75508347,0.3,2.744,7.943,0.025,1.699456174,551.4235445,1.522,53.04,9.646,0.409,0.666664445,62.86645711,0.232,0.446,7.521,0.011,2.40,970.48,2.77,20.45,23.50,0.26,0.47,52.90,0.16,0.17,6.01,0.01
06/03/2024,2,12,2036.24,1.499895007,459.3178478,1.749,2.698,6.903,0.064,29.18774115,11114.33198,49.79,7.444,6.52,1.056,0.599930008,101.3215125,0.322,2.486,6.916,0.028,1.599808023,677.8186618,1.761,52.67,9.46,0.491,0.554,65.96138976,0.237,0.398,7.221,0.012,3.60,860.01,2.09,12.36,22.32,0.19,0.40,46.63,0.17,0.20,5.89,0.01
07/03/2024,1,12,2045.83,1.397456629,539.9672596,1.962,2.84,8.36,0.06,22.71187791,13667.96828,51.77,8.241,6.988,0.942,0.465741394,108.7506154,0.407,2.524,8.148,0.028,1.397917104,819.2792739,2.644,53.17,10.035,0.512,0.399098038,79.95264037,0.301,0.45,8.355,0.014,3.37,1429.62,4.10,23.23,21.81,0.37,0.40,62.82,0.24,0.24,7.84,0.01
07/03/2024,2,12,2143.97,1.247063166,492.3904206,1.719,2.659,7.546,0.054,31.99141597,13295.71196,50.75,8.59,7.58,1,0.466146137,102.9517039,0.295,2.299,6.844,0.025,1.49705081,799.824346,2.038,53.12,9.219,0.458,0.399323812,74.207675,0.229,0.316,6.703,0.01,3.38,1462.26,3.51,20.69,23.11,0.32,0.27,61.38,0.18,0.17,6.62,0.01
08/03/2024,1,11.92,2115.07,1.39999,401.39599,1.5,2.532,7.267,0.056,30.59938801,11785.76428,50.35,9.173,7.679,1.152,0.466655778,97.4643925,0.296,2.304,7.061,0.026,1.799928003,828.2668693,2.259,53.45,9.371,0.542,0.433323223,63.23185792,0.218,0.412,7.024,0.012,3.00,1283.25,3.39,27.70,20.44,0.38,0.40,57.53,0.18,0.19,7.12,0.01
08/03/2024,2,12,1993.22,1.299922005,436.3738176,1.452,2.209,6.719,0.047,32.39157819,11928.29864,45.25,9.999,7.984,0.981,0.499978334,88.89614783,0.283,2.086,7.656,0.025,2.099622068,1100.002,2.495,49.75,11.928,0.584,0.433330445,45.33303111,0.196,0.193,6.881,0.01,3.40,801.57,1.62,7.43,33.76,0.15,0.40,37.50,0.17,0.15,5.67,0.01
09/03/2024,1,12,2055.47,1.29955,402.86101,1.482,2.157,6.949,0.053,29.57870333,10942.32153,44.19,9.242,6.852,0.861,0.433258235,82.3190647,0.419,1.8,6.667,0.024,1.498935756,815.321122,1.839,43.45,13.413,0.447,0.333264459,44.22625991,0.353,0.151,5.139,0.009,2.20,395.80,0.84,2.64,36.04,0.07,0.30,38.19,0.17,0.17,5.49,0.01
09/03/2024,2,12,1962.85,1.19984402,354.653895,1.236,1.874,6.064,0.059,29.58698173,10670.10515,44.01,10.048,6.933,1.245,0.433262567,87.61902223,0.278,1.705,6.392,0.028,1.598800899,856.3577317,1.885,40.68,14.183,0.469,0.299961005,46.29398178,0.201,0.228,6.141,0.014,2.20,516.06,0.88,3.19,36.94,0.10,0.23,28.33,0.13,0.10,3.74,0.01
10/03/2024,1,12,2049.60,1.39954,349.63462,1.292,2.037,6.793,0.057,28.35972918,9715.603843,45.13,9.514,7.874,1.18,0.499926677,71.45618643,0.539,1.88,7.19,0.026,1.499175454,691.6196092,2.305,46.3,12.916,0.511,0.366609231,45.39288845,0.179,0.201,6.413,0.011,2.20,481.65,1.03,3.66,35.83,0.09,0.30,28.82,0.19,0.14,5.39,0.01
10/03/2024,2,10.53,1742.66,1.399321329,384.5634867,1.551,2.574,7.533,0.082,29.77,9350.127857,45.86,11.37,8.53,1.42,0.43,73.71834394,0.27,2.16,7.61,0.03,1.00,481.997561,1.87,47.50,12.56,0.49,0.30,39.92348554,0.20,0.24,6.96,0.01,2.00,457.96,1.18,5.95,33.93,0.13,0.30,27.23,0.24,0.12,5.04,0.01
11/03/2024,1,,,,,,,,,,,,,,,,,,,,,,,,,,,,,,,,,,,,,,,,,,,,
11/03/2024,2,,,,,,,,,,,,,,,,,,,,,,,,,,,,,,,,,,,,,,,,,,,,
12/03/2024,1,,,,,,,,,,,,,,,,,,,,,,,,,,,,,,,,,,,,,,,,,,,,
12/03/2024,2,,,,,,,,,,,,,,,,,,,,,,,,,,,,,,,,,,,,,,,,,,,,
13/03/2024,1,11.06,1938.23,0.94854,267.58791,2.031,3.418,8.663,0.084,,,,,,,1.63,546.1440624,1.71,3.10,8.76,0.07,,,,,,,1.53,377.0573035,1.36,1.90,8.15,0.06,,,,,,,,,,,,
13/03/2024,2,11.52,1841.82,1.34903544,421.7484499,1.908,3.345,8.76,0.079,33.07,9282.206645,42.87,10.33,8.04,1.34,0.63,175.8218546,0.40,2.80,8.18,0.03,2.19,826.3698221,1.50,51.49,9.17,0.42,0.53,98.37245076,0.26,0.30,7.66,0.01,3.78,1037.44,2.20,6.46,31.38,0.16,0.47,84.99,0.19,0.11,6.07,0.01
14/03/2024,1,12,2070.78,1.34669,592.89149,2.413,4.355,10.306,0.096,20.17,8325.125101,37.59,18.08,9.59,1.15,0.47,137.5483751,0.57,3.78,9.40,0.04,0.99,581.9423218,3.24,50.50,10.00,0.38,0.43,97.48881344,0.44,0.78,9.83,0.02,2.19,1231.67,4.49,21.83,18.39,0.32,0.40,80.52,0.35,0.40,9.16,0.02
14/03/2024,2,12,927.67,1.399132538,446.2733105,2.117,3.185,8.217,0.116,18.17,6401.398436,32.18,14.19,8.30,1.10,0.60,137.2610988,0.53,3.05,8.91,0.05,1.09,631.7522991,2.95,51.22,10.78,0.51,0.47,94.67345315,0.40,0.68,8.55,0.02,2.37,1518.81,6.08,22.38,18.06,0.41,0.40,73.25,0.30,0.32,7.65,0.01
15/03/2024,1,11.51,2001.99,1.89595,460.06776,2.128,3.104,8.993,0.101,24.54,9179.315668,37.68,16.56,10.14,1.19,0.57,91.33210403,0.47,2.50,7.60,0.04,1.00,676.5635437,3.30,51.71,9.39,0.56,0.50,64.52963479,0.36,0.62,7.33,0.02,2.75,851.72,3.79,14.62,23.83,0.34,0.27,55.82,0.32,0.39,8.05,0.02
15/03/2024,2,12,2160.62,1.296809848,525.8563933,2.054,3.471,8.55,0.086,19.52,9142.705005,38.27,14.86,7.67,0.95,0.47,105.0726927,0.46,1.26,8.28,0.03,1.10,822.0543385,3.40,51.08,9.40,0.46,0.47,105.0726927,0.46,1.26,8.28,0.03,1.98,975.60,3.42,22.32,18.98,0.33,0.40,102.61,0.32,0.62,8.10,0.01
16/03/2024,1,12,2032.28,1.39605,469.92013,1.97,3.419,8.862,0.094,23.61,9297.149319,42.08,15.00,8.51,1.46,0.50,131.8730368,0.43,3.17,8.33,0.04,1.39,788.1091948,3.14,45.41,11.81,0.53,0.40,103.4397805,0.33,1.13,8.12,0.03,1.57,884.40,2.03,11.94,27.56,0.20,0.37,75.16,0.26,0.48,8.42,0.02
16/03/2024,2,11.75,2020.76,1.348328073,353.2619552,1.952,3.154,8.581,0.104,22.95,7443.484507,36.44,17.45,8.57,1.54,0.50,119.5782802,0.53,2.94,7.90,0.04,1.40,749.8728776,2.93,51.25,9.28,0.56,0.40,77.70366873,0.34,0.57,6.86,0.02,2.18,620.44,1.91,6.49,29.73,0.16,0.30,50.72,0.31,0.32,6.56,0.01
17/03/2024,1,11.78,1916.69,1.54999,335.09832,1.488127277,2.474486579,6.994924782,0.075211942,32.59,7359.350634,36.96,15.09,8.27,1.49,0.43,77.8299607,0.38,2.32,7.47,0.04,1.50,709.30779,3.35,52.27,9.78,0.70,0.50,60.03013173,0.31,0.66,6.97,0.02,2.20,515.15,2.00,8.23,29.82,0.20,0.40,45.37,0.27,0.35,6.20,0.01
17/03/2024,2,11.85,1990.34,,,,,,,32.59,8762.396033,41.01,17.75,9.17,1.50,0.50,119.9936003,0.58,3.79,9.84,0.05,1.50,736.5642994,2.70,51.76,9.95,0.57,0.47,67.96394811,0.39,0.76,9.10,0.02,2.60,622.05,2.14,8.15,29.26,0.18,0.43,47.46,0.37,0.48,9.66,0.02
18/03/2024,1,10.42,1803.65,1.19981,412.83395,2.007,3.458,9.316,0.098,22.20,7596.392289,37.97,15.13,9.53,1.28,0.47,113.5640168,0.34,2.75,8.19,0.03,1.60,871.7912821,2.68,50.86,10.20,0.54,0.40,82.32949129,0.26,0.39,7.09,0.01,1.80,557.73,1.53,4.14,32.05,0.11,0.27,54.56,0.27,0.33,6.70,0.01
18/03/2024,2,11.54,1993.21,1.399769038,355.1913934,1.53,2.506,8.12,0.076,23.59,7047.049649,34.21,16.88,9.61,1.28,0.47,71.2311964,0.23,2.47,8.66,0.03,0.90,520.1427843,1.44,52.14,10.22,0.55,0.40,43.23073949,0.24,0.06,7.95,0.01,1.80,354.98,0.76,2.44,33.21,0.08,0.23,21.20,0.10,0.15,4.01,0.00
19/03/2024,1,10.78,1840.35,1.54543,470.85627,2.019,2.966,8.992,0.071,21.26,8130.202436,41.15,13.53,9.85,1.13,0.37,81.82380607,0.25,2.77,9.22,0.03,0.90,531.1462994,1.56,51.97,12.47,0.55,0.37,52.81344681,0.21,0.16,9.31,0.01,2.96,595.84,0.65,1.41,36.55,0.06,0.23,30.35,0.14,0.09,6.10,0.01
19/03/2024,2,11.49,1995.09,1.647372441,673.8252487,2.208,3.407,9.065,0.069,21.95,8997.724823,33.05,12.66,8.33,0.76,0.53,129.9527838,0.38,3.55,9.53,0.03,1.09,636.9654324,2.27,50.74,10.20,0.38,0.50,92.82675116,0.29,0.31,8.59,0.01,3.16,796.99,1.18,3.02,36.15,0.08,0.33,42.82,0.16,0.11,5.96,0.01
20/03/2024,1,12,2066.57,1.79967,687.32285,2.456,3.62,10.017,0.077,21.00,9113.417732,41.53,11.48,8.88,0.79,0.53,154.5214867,0.35,3.56,10.72,0.03,1.10,744.4468881,1.96,50.21,11.02,0.34,0.47,113.8893703,0.19,0.40,9.86,0.01,2.20,726.92,1.00,3.09,34.37,0.07,0.30,62.56,0.16,0.23,8.89,0.01
20/03/2024,2,12,2075.66,1.699558115,802.6913003,3.028,3.8132,10.498,0.072,21.60,8339.465685,40.36,12.80,8.84,1.07,0.50,116.8941553,0.27,2.26,9.55,0.03,1.30,795.560222,1.84,51.08,9.58,0.47,0.47,82.15680785,0.24,0.53,7.38,0.02,1.80,437.35,0.98,2.31,30.69,0.06,0.23,40.40,0.18,0.21,5.91,0.01
21/03/2024,1,12,2100.27,1.14964,590.36593,2.7532,4.90796,13.128,0.076,13.79,9529.21656,43.42,14.04,10.48,0.67,0.37,206.1639178,0.57,4.68,13.42,0.04,0.90,669.2323071,2.01,50.85,12.30,0.32,0.37,134.7212084,0.43,0.77,14.82,0.02,1.80,621.79,1.04,3.34,31.46,0.07,0.27,62.63,0.30,0.37,9.67,0.01
21/03/2024,2,12,2087.16,1.749842514,480.4725575,2.484,4.847,13.241,0.08,15.38,10235.47755,40.01,12.59,8.41,0.51,0.47,203.1076064,0.61,4.57,12.05,0.04,0.90,799.8480289,1.96,49.17,9.62,0.24,0.30,114.7824,0.37,0.53,10.70,0.01,1.20,621.90,1.00,2.62,31.22,0.05,0.37,58.03,0.25,0.26,9.76,0.01
22/03/2024,1,11.1,1879.86,1.54985,536.99899,1.578,2.254,7.849,0.048,22.99,9696.545658,34.07,18.58,12.13,0.83,0.37,94.56509058,0.37,2.21,10.04,0.03,1.00,827.1082711,2.49,47.64,12.77,0.34,0.37,94.56509058,0.37,2.21,10.04,0.03,1.60,495.77,1.00,2.64,28.99,0.05,0.23,51.46,0.26,0.29,7.97,0.01
22/03/2024,2,12,2058.95,0.849889514,391.2491376,1.523,2.227,8.058,0.052,18.78,8968.789962,39.28,12.07,8.95,0.91,0.30,91.53302822,0.30,1.86,7.97,0.02,1.00,697.6511644,2.64,51.17,9.92,0.47,0.33,70.45680271,0.23,0.37,7.01,0.01,1.80,470.58,0.88,2.92,32.08,0.07,0.27,38.89,0.20,0.26,5.85,0.01
23/03/2024,1,12,2080.56,0.85001,354.00354,1.918,2.894,10.039,0.07,14.39,8465.197146,38.72,14.70,11.67,1.19,0.30,81.52164856,0.35,2.09,8.41,0.02,0.80,599.8280206,2.23,52.18,9.83,0.46,0.33,63.62336567,0.25,0.45,8.15,0.01,1.40,448.20,0.71,2.79,30.99,0.06,0.20,44.86,0.27,0.33,8.20,0.01
23/03/2024,2,12,2068.54,0.849902261,354.5592257,1.851,2.868,10.73,0.068,17.19,8888.577939,36.38,10.86,9.21,0.99,0.30,73.76248679,0.36,1.55,6.57,0.02,0.80,544.4985355,2.42,51.69,9.25,0.42,0.23,54.66575557,0.22,0.34,6.55,0.01,1.20,418.78,0.71,2.31,31.16,0.05,0.27,32.63,0.21,0.23,5.73,0.01
24/03/2024,1,12,2085.95,0.99965,313.98853,1.912,2.773,9.512,0.07,20.17,7578.5228,39.87,12.85,9.91,1.14,0.30,71.29904935,0.36,2.45,9.31,0.03,0.90,592.5051992,2.97,51.77,12.46,0.61,0.27,56.92934828,0.20,0.41,7.10,0.01,1.60,482.54,1.63,6.88,31.16,0.12,0.23,36.83,0.10,0.14,5.16,0.01
24/03/2024,2,12,2006.21,0.949919257,308.3237925,1.873,2.823,9.255,0.072,18.38,6686.978064,38.30,18.20,13.99,1.63,0.33,66.12253332,0.28,1.91,8.37,0.02,0.80,483.4567457,1.81,51.66,11.34,0.46,0.30,48.72488769,0.27,0.34,7.45,0.01,1.60,372.18,1.02,3.08,33.52,0.07,0.27,29.03,0.25,0.34,6.93,0.01
25/03/2024,1,12,2073.85,1.09966,350.24318,1.85,2.774,8.821,0.062,20.17,7475.233682,42.63,11.97,9.63,1.22,0.30,75.1245688,0.27,2.32,8.39,0.02,0.80,489.504895,1.73,49.50,11.79,0.50,0.27,56.25897794,0.21,0.33,7.84,0.01,1.40,371.14,0.63,2.25,35.08,0.05,0.23,29.83,0.20,0.24,6.49,0.01
25/03/2024,2,12,1994.62,1.099730566,355.5628871,1.826,2.764,9.261,0.059,21.78,8779.391494,44.68,11.06,8.36,0.90,0.40,82.05517894,0.30,2.49,8.55,0.02,0.80,539.3274152,1.67,52.89,10.27,0.41,0.30,57.12400308,0.29,0.43,9.41,0.01,1.40,413.39,0.76,2.99,34.67,0.06,0.27,30.50,0.23,0.22,6.78,0.01
26/03/2024,1,12,2072.99,1.04993,333.57832,1.702,2.478,8.132,0.075,21.78,8687.623654,43.26,13.91,10.06,1.52,0.33,74.63308456,0.33,2.32,9.57,0.03,1.10,726.9127705,2.30,52.23,13.19,0.68,0.27,52.62771971,0.36,0.75,10.13,0.02,1.60,529.86,1.30,8.73,30.96,0.17,0.23,32.46,0.23,0.34,8.15,0.01
26/03/2024,2,12,2046.72,1.049874015,327.8606567,1.613,2.23,7.119,0.067,22.39,8247.616382,43.03,14.76,10.11,1.50,0.37,68.4308242,0.38,1.93,7.37,0.03,1.30,822.464094,1.71,44.26,11.12,0.48,0.33,45.0587063,0.27,0.46,7.38,0.02,1.80,354.29,0.80,2.51,28.49,0.07,0.23,27.40,0.21,0.23,6.25,0.01
27/03/2024,1,12,2035.89,1.44999,352.74824,1.781,2.513,8.016,0.085,30.77,8106.617647,42.05,9.54,8.00,1.46,0.53,82.690904,0.38,2.14,7.20,0.03,2.10,778.6963084,2.15,44.46,10.66,0.47,0.47,54.29927601,0.22,0.46,7.04,0.02,2.40,555.88,1.29,4.27,30.84,0.11,0.37,33.69,0.16,0.27,5.45,0.01
27/03/2024,2,12,2016.48,1.549558376,298.8148378,1.673,2.292,7.507,0.08,32.15,7781.195079,41.28,11.08,8.46,1.57,0.37,64.46537736,0.35,1.98,7.39,0.03,2.10,737.6229705,2.34,47.25,10.13,0.55,0.40,47.95579669,0.28,0.41,7.39,0.01,2.40,539.12,1.64,4.75,32.92,0.15,0.37,36.66,0.21,0.23,5.75,0.01
28/03/2024,1,11.37,1890.99,1.59991,348.58083,2.232,3.69,11.863,0.123,33.79,8889.377612,40.20,13.85,10.90,1.61,0.43,82.5559344,0.67,3.63,13.41,0.06,1.70,810.4108548,3.98,48.83,15.10,0.69,0.33,54.03315322,0.46,0.67,11.61,0.03,2.20,470.61,2.27,7.39,34.38,0.20,0.30,35.26,0.39,0.44,9.12,0.02
28/03/2024,2,10.22,1681.17,1.14999425,390.998045,1.571,2.701,7.242,0.067,27.80,9107.907051,38.66,11.37,8.78,1.20,0.40,80.62392721,0.44,2.16,6.96,0.03,1.30,749.6950427,2.71,49.37,9.53,0.54,0.43,57.6281468,0.29,0.44,6.13,0.02,1.80,474.16,1.43,4.67,33.77,0.12,0.30,35.13,0.26,0.28,5.37,0.01
29/03/2024,1,11.66,2008.30,1.04994,423.97668,1.627,3.449,7.281,0.064,16.19,7954.509114,40.71,11.87,8.51,0.92,0.37,79.89813571,0.31,3.03,7.11,0.02,0.80,445.2619688,1.87,51.03,8.72,0.30,0.30,59.22958213,0.24,0.52,7.02,0.01,2.20,485.15,1.32,5.13,33.30,0.09,0.23,45.86,0.24,0.40,6.47,0.01
29/03/2024,2,12,2017.94,0.849974501,376.6886993,1.712,3.324,7.529,0.071,15.40,8647.054118,40.54,12.75,8.33,1.09,0.33,76.56590101,0.44,3.13,7.10,0.03,0.90,459.6824889,2.62,52.88,9.45,0.42,0.27,55.89683251,0.27,0.49,6.14,0.01,2.20,416.08,1.39,5.32,33.62,0.09,0.30,40.27,0.24,0.31,5.80,0.01
30/03/2024,1,9.01,1498.39,1.04894,431.11457,1.858,3.608,7.167,0.078,15.60,7117.060285,41.04,16.58,10.35,1.31,0.37,81.47547089,0.48,3.45,7.07,0.03,1.00,454.2565583,3.40,52.75,10.49,0.43,0.23,61.37295798,0.41,0.72,9.04,0.02,,,,,,,,,,,,
30/03/2024,2,9.55,1671.21,1.095203011,372.3690237,2.3,2.976,6.762,0.088,15.08,6147.720329,35.85,13.52,9.21,1.27,0.40,108.3467228,0.60,2.55,6.23,0.04,0.90,584.4343333,3.06,48.84,9.67,0.47,0.30,82.41173261,0.53,1.03,6.10,0.03,,,,,,,,,,,,
31/03/2024,1,12,2138.67,1.04983,520.46673,2.243,3.647,8.883,0.087,19.39,7442.706148,37.39,14.85,9.84,1.07,0.33,94.81942648,0.42,2.72,7.94,0.03,0.90,653.8626888,2.62,45.62,11.63,0.45,0.27,64.42581699,0.35,0.52,7.81,0.02,1.60,289.94,0.61,1.83,30.13,0.04,,,,,,
31/03/2024,2,12,2091.27,1.249731308,442.7548077,2.16,3.778,9.028,0.087,21.78,8564.891598,39.41,12.24,9.91,1.19,0.37,87.57839733,0.37,2.93,7.71,0.03,1.10,531.4386217,1.81,51.00,9.73,0.40,0.30,58.32963912,0.32,0.41,7.48,0.01,1.40,324.37,0.95,2.26,26.41,0.05,0.20,40.52,0.19,0.19,5.24,0.01
