01/01/2024,1,462.2,1.55,37.76,0.45,2.20,0.35,3.60,0.00
02/01/2024,1,1341.7,1.03,43.37,0.60,3.57,0.49,0.00,0.00
02/01/2024,2,1736.9,1.04,31.50,0.69,2.16,0.45,0.00,0.00
03/01/2024,1,1955.0,1.5,28.85,0.70,2.47,0.55,0.00,0.00
03/01/2024,2,2068.4,1.92,35.29,0.58,1.72,0.53,0.00,0.00
04/01/2024,1,1857.1,1.14,40.55,0.69,2.42,0.53,0.00,0.00
04/01/2024,2,1864.9,1.27,34.87,0.71,2.05,0.54,0.00,0.00
05/01/2024,1,2079.7,1.61,33.88,0.78,2.61,0.69,0.00,0.00
05/01/2024,2,1988.9,1.59,39.17,0.74,1.56,0.65,0.00,0.00
06/01/2024,1,2122.2,1.6,45.17,0.40,1.80,0.25,0.00,0.00
06/01/2024,2,2038.1,1.75,45.57,0.50,2.00,0.25,0.00,0.00
07/01/2024,1,1832.3,3.03,47.38,0.98,1.92,0.74,0.00,0.00
07/01/2024,2,1747.8,2.87,59.62,0.92,3.10,0.74,0.00,0.00
08/01/2024,1,1857.0,1.29,58.34,0.81,4.18,0.60,0.00,0.00
08/01/2024,2,1999.9,2.58,48.46,0.59,2.34,0.54,0.00,0.00
09/01/2024,1,2095.5,1.63,37.57,0.49,2.22,0.40,0.00,0.00
09/01/2024,2,1660.39602,1.63,46.27,0.68,1.96,0.40,0.00,0.00
12/01/2024,1,1802.59731,1.44,33.55,0.55,1.89,0.44,0.00,0.00
12/01/2024,2,2119.65273,1.26,29.59,0.49,1.53,0.39,0.00,0.00
13/01/2024,1,2053.78236,1.1,27.36,0.40,1.20,0.25,0.00,0.00
13/01/2024,2,2138.33792,1.15,35.35,0.40,1.40,0.25,0.00,0.00
14/01/2024,1,2037.84508,2.07,39.10,0.78,2.06,0.72,0.00,0.00
14/01/2024,2,2090.09392,2.04,32.54,0.75,1.89,0.67,0.00,0.00
15/01/2024,1,1673.2597,2.1,41.98,0.78,2.19,0.59,0.00,0.00
15/01/2024,2,2193.7266,1.72,42.83,0.59,2.30,0.50,0.00,0.00
16/01/2024,1,2123.5305,2.39,45.17,0.64,2.28,0.58,0.00,0.00
16/01/2024,2,2098.52454,2.24,49.08,0.78,3.31,0.63,0.00,0.00
17/01/2024,1,2162.20112,1.69,61.14,0.73,2.16,0.54,0.00,0.00
17/01/2024,2,2157.05485,1.92,45.94,0.64,2.14,0.54,0.00,0.00
18/01/2024,1,2016.65373,2.15,46.61,0.79,1.98,0.63,0.00,0.00
18/01/2024,2,2069.29758,1.72,52.00,0.68,1.68,0.64,0.00,0.00
19/01/2024,1,2096.82879,1.33,46.28,0.49,1.37,0.39,0.00,0.00
19/01/2024,2,1665.44109,1.57,71.51,0.64,2.11,0.57,0.00,0.00
20/01/2024,1,2094.3195,1.41,37.07,0.69,2.53,0.54,0.00,0.00
20/01/2024,2,1999.90076,2.23,51.85,0.83,2.48,0.72,0.00,0.00
21/01/2024,1,1932.51951,1.68,45.41,0.68,1.73,0.65,0.00,0.00
21/01/2024,2,2028.8417,1.54,36.63,0.70,1.95,0.64,0.00,0.00
22/01/2024,1,1992.21186,1.25,22.84,0.54,2.17,0.49,0.00,0.00
22/01/2024,2,2116.40286,1.66,32.45,0.72,2.19,0.65,0.00,0.00
23/01/2024,1,1871.614,1.89,37.63,0.58,1.84,0.39,0.00,0.00
23/01/2024,2,2126.8505,2.21,36.47,0.59,1.87,0.55,0.00,0.00
24/01/2024,1,1896.64104,1.55,35.79,0.35,1.40,0.25,0.00,0.00
24/01/2024,2,2094.04783,1.15,29.19,0.40,1.40,0.30,0.00,0.00
25/01/2024,1,,1.1,21.78,0.40,1.20,0.20,0.00,0.00
25/01/2024,2,,1.55,24.39,0.40,1.00,0.20,0.00,0.00
26/01/2024,1,,1.7,20.18,0.40,1.00,0.25,0.00,0.00
26/01/2024,2,,1.8,26.58,0.45,1.00,0.25,0.00,0.00
27/01/2024,1,,1.25,32.38,0.40,1.20,0.20,0.00,0.00
27/01/2024,2,,1.1,27.58,0.40,1.60,0.25,0.00,0.00
28/01/2024,1,,1.13,31.65,0.54,1.37,0.39,0.00,0.00
28/01/2024,2,,1.13,24.51,0.45,1.05,0.40,0.00,0.00
29/01/2024,1,,0.95,20.17,0.53,1.02,0.40,0.00,0.00
29/01/2024,2,,1,22.50,0.44,1.13,0.35,0.00,0.00
30/01/2024,1,,1.21,19.53,0.54,0.73,0.40,0.00,0.00
30/01/2024,2,,1.07,26.44,0.44,0.86,0.39,0.00,0.00
31/01/2024,1,,1.13,28.14,0.43,1.25,0.39,0.00,0.00
31/01/2024,2,,0.96,19.93,0.45,0.70,0.40,0.00,0.00
01/02/2024,1,2055.99384,0.94,20.31,0.35,0.70,0.24,0.00,0.00
01/02/2024,2,2108.26368,1.2,15.87,0.34,0.58,0.30,0.00,0.00
02/02/2024,1,1981.02548,1.19,17.44,0.48,0.69,0.39,0.00,0.00
02/02/2024,2,2009.17675,1.23,23.50,0.58,0.92,0.40,0.00,0.00
03/02/2024,1,1711.02987,1.25,33.16,0.40,1.40,0.30,0.00,0.00
03/02/2024,2,1987.2297,1.25,37.73,0.40,1.40,0.25,0.00,0.00
04/02/2024,1,1999.9872,1.33,22.21,0.54,1.47,0.35,0.00,0.00
04/02/2024,2,1735.3782,1.06,22.33,0.67,2.49,0.49,0.00,0.00
05/02/2024,1,1198.4412,0.98,,0.55,,0.54,0.00,0.00
05/02/2024,2,2119.45,1.62,20.08,0.54,1.13,0.44,0.00,0.00
06/02/2024,1,2105.41884,1.47,18.58,0.59,1.12,0.53,0.00,0.00
06/02/2024,2,2066.94132,1.42,22.25,0.58,1.06,0.54,0.00,0.00
07/02/2024,2,1867.31896,1.1,20.13,0.59,3.05,0.49,0.00,0.00
08/02/2024,1,1951.47696,1.3,14.21,0.60,1.39,0.55,0.00,0.00
08/02/2024,2,1998.6519,1.35,15.84,0.60,0.79,0.50,0.00,0.00
09/02/2024,1,1971.70776,1.1,16.46,0.67,2.01,0.50,0.00,0.00
09/02/2024,2,2042.97068,1.14,20.61,0.48,1.05,0.43,0.00,0.00
10/02/2024,1,1870.14724,0.95,18.37,0.30,1.20,0.20,0.00,0.00
10/02/2024,2,1888.42412,0.95,20.38,0.30,1.00,0.20,0.00,0.00
11/02/2024,1,1944.57092,1.13,21.28,0.55,0.75,0.45,0.00,0.00
11/02/2024,2,1970.24289,1.36,18.75,0.55,1.16,0.44,0.00,0.00
12/02/2024,1,2043.30252,1.16,19.03,0.58,0.80,0.50,0.00,0.00
12/02/2024,2,2138.20984,0.94,16.27,0.44,0.95,0.39,0.00,0.00
13/02/2024,1,2144.19281,1.83,14.29,0.59,0.99,0.29,0.00,0.00
13/02/2024,2,2050.62956,1.04,14.78,0.64,0.79,0.40,0.00,0.00
14/02/2024,1,2102.86328,0.99,19.76,0.53,0.76,0.45,0.00,0.00
14/02/2024,2,2145.60906,1.24,19.15,0.44,0.77,0.35,0.00,0.00
15/02/2024,1,2123.11808,1.49,18.89,0.44,0.74,0.40,0.00,0.00
15/02/2024,2,2043.81765,0.79,13.55,0.34,0.67,0.30,0.00,0.00
16/02/2024,1,1906.23181,0.97,13.92,0.39,0.79,0.24,0.00,0.00
16/02/2024,2,1848.25896,0.82,16.76,0.35,0.96,0.29,0.00,0.00
17/02/2024,1,2140.34214,0.91,17.33,0.29,0.69,0.20,0.00,0.00
17/02/2024,2,1973.65428,2.17,21.35,0.43,0.74,0.34,0.00,0.00
18/02/2024,1,1890.53,0.95,24.34,0.34,1.86,0.40,0.00,0.00
18/02/2024,2,2030.56,0.94,17.14,0.35,0.88,0.29,0.00,0.00
19/02/2024,1,1525.1,1.28,29.04,0.44,0.94,0.39,0.00,0.00
19/02/2024,2,1769.98,1.06,29.27,0.44,1.74,0.38,0.00,0.00
20/02/2024,1,1906.39,1.22,33.96,0.49,1.66,0.39,0.00,0.00
20/02/2024,2,2000.23,0.99,34.32,0.45,1.57,0.40,0.00,0.00
21/02/2024,1,1848.01,1.14,31.78,0.44,1.77,0.38,0.00,0.00
21/02/2024,2,2017.94,1.04,23.17,0.45,1.13,0.35,0.00,0.00
22/02/2024,1,1846.15115,0.89,16.87,0.35,0.78,0.29,0.00,0.00
22/02/2024,2,2018.20866,1.78,25.52,0.49,1.27,0.39,0.00,0.00
23/02/2024,1,2033.7954,1.55,33.17,0.40,1.60,0.35,0.00,0.00
23/02/2024,2,2088.53064,1,19.18,0.35,1.60,0.30,0.00,0.00
24/02/2024,1,1884.0184,1.05,20.19,0.25,0.80,0.15,0.00,0.00
24/02/2024,2,1868.57631,1.05,18.98,0.20,0.80,0.15,0.00,0.00
25/02/2024,1,1897.33516,1.1,25.91,0.49,0.76,0.34,0.00,0.00
25/02/2024,2,2113.83028,1.41,24.12,0.49,1.37,0.45,0.00,0.00
26/02/2024,1,1893.8384,2.24,28.00,0.60,1.17,0.55,0.00,0.00
26/02/2024,2,3026.1187,2.21,29.81,0.63,1.03,0.49,0.00,0.00
27/02/2024,1,1870.3055,1.48,31.26,0.55,1.59,0.48,0.00,0.00
27/02/2024,2,1964.15912,1.52,33.23,0.55,5.44,0.49,0.00,0.00
28/02/2024,1,340.31128,1.38,24.32,0.49,1.53,0.39,0.00,0.00
28/02/2024,2,1375.02565,1.67,21.21,0.53,1.15,0.44,0.00,0.00
29/02/2024,1,1870.12,1.7,24.90,0.43,0.95,0.45,,
29/02/2024,2,1981.41,1.53,26.34,0.43,1.19,0.39,,
01/03/2024,1,2064.06441,1.33,26.96,0.53,1.00,0.43,0.00,0.00
01/03/2024,2,1888.2776,1.39,25.27,0.59,0.95,0.49,0.00,0.00
02/03/2024,1,1950.18553,1.2,30.58,0.64,1.38,0.49,0.00,0.00
02/03/2024,2,2036.77848,1.13,29.71,0.53,1.45,0.38,0.00,0.00
03/03/2024,1,1973.80152,1.65,29.61,0.48,1.70,0.45,0.00,0.00
03/03/2024,2,1829.0708,1.44,26.67,0.44,1.14,0.39,0.00,0.00
04/03/2024,1,1959.50524,0.88,23.70,0.44,1.12,0.40,0.00,0.00
04/03/2024,2,1918.7931,1.43,28.69,0.53,1.42,0.44,0.00,0.00
05/03/2024,1,1919.91384,1.2,28.96,0.45,0.98,0.44,0.00,0.00
05/03/2024,2,1645.37814,1.82,33.12,0.53,1.55,,,
10/03/2024,2,2076.84016,1.48,26.75,0.58,3.39,0.40,0.00,0.00
11/03/2024,1,2190.77625,1.56,23.91,0.59,1.87,0.40,0.00,0.00
11/03/2024,2,1956.74652,1.39,28.13,0.52,2.17,0.36,0.00,0.00
12/03/2024,1,1400.40533,1.59,33.56,0.66,2.14,0.43,0.00,0.00
12/03/2024,2,2190.92223,1.35,33.05,0.63,2.55,0.50,0.00,0.00
13/03/2024,1,2147.36855,0.96,24.00,0.59,1.58,0.50,0.00,0.00
13/03/2024,2,2154.56515,1.4,28.69,0.59,1.55,0.46,0.00,0.00
14/03/2024,1,2113.09362,1.79,37.26,0.70,2.43,0.60,0.00,0.00
14/03/2024,2,2140.66927,1.47,31.61,0.56,1.87,0.47,0.00,0.00
15/03/2024,1,2069.18202,1.14,28.20,0.63,3.15,0.46,0.00,0.00
15/03/2024,2,2178.62442,1.03,23.60,0.52,1.65,0.42,0.00,0.00
16/03/2024,1,2020.01965,1.89,22.16,0.49,1.41,0.43,0.00,0.00
16/03/2024,2,1976.51844,1.94,0.00,0.62,3.03,0.46,0.00,0.00
17/03/2024,1,2047.0436,1.01,31.36,0.70,2.76,0.43,0.00,0.00
17/03/2024,2,2077.71212,1.22,38.07,0.76,5.10,0.43,0.00,0.00
18/03/2024,1,2039.98146,1,30.80,0.72,2.17,0.46,0.00,0.00
18/03/2024,2,2030.25568,1.42,38.18,0.72,1.57,0.46,0.00,0.00
19/03/2024,1,2022.4848,0.98,33.03,0.66,2.08,0.50,0.00,0.00
19/03/2024,2,2049.2584,1.98,29.34,0.53,1.18,0.50,0.00,0.00
20/03/2024,1,1458.18134,1.12,29.81,0.63,1.67,0.53,0.00,0.00
20/03/2024,2,2083.23016,0.96,19.21,0.53,0.86,0.50,0.00,0.00
21/03/2024,1,2058.81198,0.77,19.89,0.50,1.32,0.43,0.00,0.00
21/03/2024,2,2076.97398,1.19,19.50,0.53,1.06,0.39,0.00,0.00
22/03/2024,1,2053.66016,1.31,20.99,0.53,0.99,0.37,0.00,0.00
22/03/2024,2,2068.91236,1.11,17.31,0.59,0.98,0.46,0.00,0.00
23/03/2024,1,1992.29904,1.25,18.99,0.45,0.70,0.30,0.00,0.00
23/03/2024,2,2082.83082,1.15,19.38,0.45,0.80,0.35,0.00,0.00
24/03/2024,1,1966.53096,1.1,27.99,0.76,1.49,0.67,0.00,0.00
24/03/2024,2,2071.73652,1.3,24.01,0.63,1.20,0.56,0.00,0.00
25/03/2024,1,2051.75808,1.95,26.09,0.67,1.30,0.59,0.00,0.00
25/03/2024,2,2109.37055,1.28,22.53,0.55,0.86,0.53,0.00,0.00
26/03/2024,1,2070.20405,1.34,21.95,0.50,0.95,0.45,0.00,0.00
26/03/2024,2,1206.5316,1.33,18.89,0.60,1.05,0.50,0.00,0.00
27/03/2024,1,1812.09465,2.33,23.89,0.80,2.45,0.66,0.00,0.00
27/03/2024,2,2006.23542,1.32,15.59,0.63,0.69,0.46,0.00,0.00
28/03/2024,1,2026.49668,1.5,20.98,0.70,0.99,0.49,0.00,0.00
28/03/2024,2,2014.32654,1.5,24.26,0.73,0.87,0.53,0.00,0.00
29/03/2024,1,1891.06,1.34,24.98,0.85,1.39,0.55,0.00,0.00
29/03/2024,2,1357.24,1.15,20.40,0.85,1.20,0.65,0.00,0.00
30/03/2024,1,2057.67,0.9,24.38,0.55,1.50,0.30,0.00,0.00
30/03/2024,2,1998.65,1.2,27.57,0.55,1.50,0.30,0.00,0.00
31/03/2024,1,1576.98,1.25,26.80,0.75,1.80,0.55,0.00,0.00
31/03/2024,2,1962.52,1.45,29.75,0.65,3.00,0.40,0.00,0.00
01/04/2024,1,1695.9586,1.06,22.36,0.56,1.89,0.40,3.10,0.27
01/04/2024,2,2040.98324,1.09,24.49,0.60,1.38,0.47,2.46,0.39
02/04/2024,1,1900.05244,1.24,22.11,0.56,0.98,0.43,2.38,0.33
02/04/2024,2,1732.90551,2.11,24.23,0.79,1.18,0.57,2.93,0.37
05/04/2024,1,1651.0831,1.14,28.39,0.56,2.97,0.42,0.00,0.34
05/04/2024,2,2074.5648,1.28,30.89,0.79,1.87,0.41,2.71,0.33
06/04/2024,1,2116.69224,1.36,24.58,0.80,1.80,0.45,2.40,0.41
06/04/2024,2,1880.14848,1.45,23.17,0.85,1.30,0.45,2.60,0.36
07/04/2024,1,2029.67525,2.12,26.59,0.85,1.15,0.56,4.96,0.60
07/04/2024,2,2028.2625,1.84,21.22,0.98,2.85,0.93,3.53,0.73
08/04/2024,1,2127.4803,1.64,24.23,0.80,1.46,0.76,3.26,0.60
08/04/2024,2,2022.436,1.25,21.97,0.76,1.85,0.70,3.03,0.60
09/04/2024,1,1886.00322,1.88,24.74,0.99,3.42,0.65,3.59,0.49
09/04/2024,2,2120.67545,1.71,24.87,0.73,2.36,0.63,3.34,0.53
10/04/2024,1,2110.00104,1.75,25.38,0.60,1.20,0.53,3.00,0.47
10/04/2024,2,1849.7226,1.8,25.38,0.60,1.10,0.53,2.40,0.37
11/04/2024,1,1695.67143,1.59,23.84,0.67,1.35,0.56,2.44,0.26
11/04/2024,2,2103.39248,1.43,24.47,0.72,1.11,0.57,2.37,0.26
12/04/2024,1,2115.33119,1.23,26.93,0.70,1.24,0.69,2.74,0.45
12/04/2024,2,2093.81436,1.51,26.21,0.72,2.58,0.73,2.58,0.43
13/04/2024,1,1985.20308,1.34,29.13,0.87,0.69,0.80,2.46,0.33
13/04/2024,2,1876.1492,1.3,26.42,0.69,1.79,0.56,2.16,0.49
14/04/2024,1,2031.30628,1.69,16.27,0.62,1.51,0.56,2.11,0.30
14/04/2024,2,2023.13475,1.83,12.74,0.62,1.48,0.46,2.46,0.33
15/04/2024,1,2019.5497,1.73,14.89,0.72,3.20,0.63,2.32,0.39
15/04/2024,2,1992.83185,2.24,19.69,0.63,2.40,0.46,2.37,0.37
16/04/2024,1,1999.13296,1.66,23.83,0.78,3.02,0.62,2.40,0.26
16/04/2024,2,2072.80125,1.39,15.54,0.72,2.36,0.69,2.89,0.53
17/04/2024,1,2110.02732,1.56,21.11,0.76,3.11,0.59,2.88,0.46
17/04/2024,2,2080.79942,1.82,23.07,0.69,2.25,0.56,2.54,0.4
18/04/2024,1,2055.76832,1.31,22.97,0.72,2.99,0.59,3.89,0.33
18/04/2024,2,2136.61704,1.39,17.83,0.72,4,0.57,3.04,0.33
19/04/2024,1,2095.158,1.3,15.48,0.75,5.98,0.5,0,0
19/04/2024,2,2074.2928,1.78,28.73,0.63,2.37,0.59,2.67,0.53
20/04/2024,1,2038.16904,1,28.58,0.62,1.51,0.53,3.34,0.43
20/04/2024,2,2041.32729,1.39,24.19,0.66,1.67,0.59,3.05,0.33
21/04/2024,1,2057.419,1.19,25.48,0.79,1.56,0.6,2.85,0.5
21/04/2024,2,2117.22739,2.03,29.33,0.66,2.43,0.55,3.1,0.49
22/04/2024,1,2090.54681,2.09,32.02,1.19,4.67,0.66,2.98,0.46
22/04/2024,2,1968.33975,1.54,31.28,1.08,3.7,0.63,3.55,0.46
23/04/2024,1,2119.7216,1.49,38.6,0.6,4.05,0.49,3.51,0.33
23/04/2024,2,2091.9096,1.11,26.07,0.88,5.15,0.49,3.78,0.46
24/04/2024,1,2055.27,1.22,32.79,0.5,3.19,0.46,3.8,0.43
24/04/2024,2,2047.64007,1.03,29.56,0.49,1.84,0.43,2.61,0.36
25/04/2024,1,1953.67918,1.2,28.76,0.4,1.1,0.37,2.4,0.23
25/04/2024,2,1963.47821,1.25,34.18,0.5,1.6,0.4,2.8,0.13
26/04/2024,1,2052.22976,1.05,29.38,0.3,1.1,0.27,2.2,0.16
26/04/2024,2,2032.26828,0.95,31.16,0.53,0.7,0.3,2.4,0.37
27/04/2024,1,2070.09,1.6,26.16,0.53,2.2,0.5,3,0.37
27/04/2024,2,2012.6,1.55,23.18,0.6,1.2,0.43,2.6,0.5
28/04/2024,1,2047.36,1.5,22.93,0.72,1.04,0.62,2.93,0.53
28/04/2024,2,1952.79,1.61,20.43,0.69,1.2,0.56,3.06,0.52
29/04/2024,1,2025.56,1.16,19.81,0.59,1.2,0.53,2.53,0.49
29/04/2024,2,1441.83,1.44,27.23,0.63,1.33,0.43,2.88,0.4
30/04/2024,1,91.8,1.23,18.14,0.63,1.7,0.49,2.52,0.43
30/04/2024,2,61.39,0.79,22.67,0.55,0.99,0.5,2.5,0.42
01/05/2024,1,1051.26095,1.2,21.19,0.59,1.08,0.53,0.00,0.00
01/05/2024,2,1663.08792,1.09,25.14,0.60,1.24,0.56,0.00,0.00
02/05/2024,1,2056.00896,1.45,23.14,0.69,1.27,0.53,0.00,0.00
02/05/2024,2,2014.6938,1.66,23.84,0.65,1.01,0.52,3.21,0.43
03/05/2024,1,2030.23905,1.48,31.04,0.67,0.97,0.53,3.39,0.50
03/05/2024,2,1382.86665,1.2,28.92,0.69,2.19,0.66,3.51,0.60
04/05/2024,1,2069.76096,1.19,22.61,1.12,1.75,0.87,2.51,0.40
04/05/2024,2,1904.50359,0.87,21.68,0.70,1.65,0.56,2.15,0.27
05/05/2024,1,2068.62228,1.19,18.43,0.72,3.37,0.70,2.16,0.29
05/05/2024,2,2088.9683,1.24,23.58,0.78,2.13,0.69,0.00,0.00
06/05/2024,1,2065.19672,1.19,24.69,0.83,3.36,0.72,0.00,0.00
06/05/2024,2,1469.42507,1.15,24.35,0.82,2.63,0.69,0.00,0.00
07/05/2024,1,1991.40095,1.51,23.80,0.56,1.89,0.46,0.00,0.00
07/05/2024,2,2104.22478,1.45,22.23,0.62,1.58,0.60,0.00,0.00
08/05/2024,1,1975.0401,1.72,26.71,0.72,1.18,0.66,0.00,0.00
08/05/2024,2,2073.9831,1.29,25.10,0.76,1.78,0.59,0.00,0.00
09/05/2024,1,2024.87066,1.75,24.21,0.81,3.20,0.60,0.00,0.00
09/05/2024,2,2070.355294,1.3,20.81,0.65,1.28,0.55,0.00,0.00
10/05/2024,1,2037.1131,1.35,18.97,0.57,0.90,0.50,2.00,0.33
10/05/2024,2,1981.052656,1.55,18.59,0.60,0.60,0.47,3.60,0.33
11/05/2024,1,1945.287,1.05,21.56,0.60,2.50,0.37,3.20,0.30
11/05/2024,2,2046.43,1.35,25.38,0.57,2.70,0.60,2.40,0.27
12/05/2024,1,1953.96,1.38,23.34,0.57,2.14,0.50,2.27,0.23
12/05/2024,2,2072.902744,0.99,17.59,0.49,1.41,0.46,2.43,0.23
13/05/2024,1,1925.46108,1.36,21.18,0.52,1.47,0.49,2.14,0.20
13/05/2024,2,1961.22546,1.11,28.47,0.82,2.31,0.60,2.02,0.30
14/05/2024,1,1656.88588,1.19,29.45,0.72,2.11,0.60,2.51,0.26
14/05/2024,2,1741.405452,1.34,33.18,0.65,3.84,0.62,2.39,0.26
17/05/2024,1,1775.43534,1.12,22.03,1.93,8.29,1.17,0.00,0.00
17/05/2024,2,1588.73697,1.27,22.49,0.65,4.18,0.62,0.00,0.00
18/05/2024,1,1422.77037,1.17,19.34,0.81,1.94,0.62,0.00,0.00
18/05/2024,2,2089.288586,1.01,21.81,0.59,1.57,0.53,2.50,0.23
19/05/2024,1,2098.838,1.38,22.94,0.59,1.96,0.53,2.43,0.36
19/05/2024,2,2121.00556,1.49,25.50,0.53,1.69,0.49,2.96,0.33
20/05/2024,1,203.7035,0.93,25.49,0.56,1.57,0.53,3.14,0.33
20/05/2024,2,2117.74192,1.23,25.29,0.53,1.34,0.50,3.14,0.39
21/05/2024,1,2110.99344,1.43,22.71,0.79,1.27,0.49,2.61,0.33
21/05/2024,2,1864.4536,1.44,27.04,1.12,4.68,0.76,3.13,0.49
22/05/2024,1,1932.37968,1.12,19.58,0.92,7.45,0.73,3.75,0.56
22/05/2024,2,1932.1104,0.99,13.89,1.29,3.93,0.69,15.34,0.63
23/05/2024,1,1959.83,1.4,13.66,0.88,4.03,0.69,11.93,0.56
23/05/2024,2,1932.966,1.82,30.85,0.72,2.28,0.46,3.75,0.37
24/05/2024,1,2117.26,1.55,26.78,0.47,1.5,0.5,3.4,0.43
24/05/2024,2,1684.57,1.8,22.97,0.57,1.6,0.5,3,0.43
25/05/2024,1,2158.33,1.35,19.37,0.6,1.5,0.53,3.39,0.43
25/05/2024,2,2133.7,1.45,16.97,0.57,1.6,0.53,2.2,0.4
26/05/2024,1,2096.47,1.18,20.39,0.72,2.72,0.6,3.19,0.36
26/05/2024,2,2091.57,1.49,16.82,0.66,1.52,0.46,2.02,0.32
27/05/2024,1,1719.9,1.01,16.53,0.65,1.6,0.53,1.91,0.26
27/05/2024,2,2087.03,0.98,22.43,0.62,3.95,0.55,3.05,0.43
28/05/2024,1,2046.35,1.12,18.26,0.83,2.10,0.47,2.60,0.26
28/05/2024,2,2121.16,1.39,16.65,0.53,3.06,0.49,2.84,0.26
29/05/2024,1,2129.01,1.61,18.72,0.53,1.55,0.42,1.95,0.33
29/05/2024,2,2112.98,1.48,22.18,0.79,2.07,0.42,3.41,0.36
30/05/2024,1,2109.27,1.97,31.89,0.63,3.26,0.46,3.22,0.33
30/05/2024,2,2020.81,2.02,34.62,0.69,2.30,0.49,3.53,0.26
31/05/2024,1,2084.11,1.8,33.73,0.63,1.80,0.63,3.00,0.43
31/05/2024,2,2109.4,1.7,22.57,0.53,0.90,0.60,2.80,0.60
01/06/2024,1,1967.24,1.75,19.18,0.57,1.10,0.47,2.80,0.40
01/06/2024,2,1960.88,1.6,25.35,0.65,1.20,0.43,2.40,0.37
02/06/2024,1,1988.63,1.55,21.58,0.60,1.10,0.50,2.40,0.57
02/06/2024,2,2003.74,1.65,19.77,0.57,1.10,0.43,1.80,0.27
03/06/2024,1,1834.36,1.9,21.58,0.57,1.10,0.37,1.60,0.30
03/06/2024,2,1900.9,1.9,22.36,0.50,1.30,0.40,2.80,0.27
04/06/2024,1,1917.58,1.3,19.79,0.60,0.90,0.40,2.20,0.30
04/06/2024,2,1954.77,1.4,22.60,0.47,0.90,0.40,2.40,0.30
05/06/2024,1,927.79,1.3,16.59,0.57,1.10,0.47,1.80,0.27
05/06/2024,2,855.64,2.25,23.16,1.53,3.50,0.80,0.00,0.00
06/06/2024,1,1997.41,1.25,20.19,0.53,1.80,0.43,0.00,0.00
06/06/2024,2,2060.07,1.15,21.36,0.47,1.10,0.37,0.00,0.00
07/06/2024,1,2094.79,1,16.60,0.53,0.70,0.40,2.36,0.37
07/06/2024,2,2025.38,1.2,17.65,0.43,1.00,0.39,2.57,0.37
08/06/2024,1,2007.98,1.1,15.60,0.50,0.90,0.20,0.00,0.00
08/06/2024,2,1965.45,1.15,15.19,0.47,0.70,0.20,0.00,0.00
09/06/2024,1,1884.21,1.81,25.25,0.95,2.13,0.81,0.00,0.00
09/06/2024,2,1999.57,1.76,22.25,0.93,1.73,0.69,0.00,0.00
10/06/2024,1,2022.67,1.75,19.18,0.57,1.10,0.47,2.80,0.40
10/06/2024,2,1931.12,1.6,25.35,0.65,1.20,0.43,2.40,0.37
11/06/2024,1,1905.18,1.25,18.90,0.80,1.47,0.62,2.64,0.50
11/06/2024,2,1778.32,1.03,12.25,0.65,2.03,0.50,3.95,0.40
13/06/2024,1,99.72,0,0,0.00,0.00,0.00,0.00,0.00
13/06/2024,2,2015.18,1.28,19.00,1.36,5.52,1.84,0.00,0.00
14/06/2024,1,1992.57,1.54,23.75,0.86,2.74,0.78,0.00,0.00
14/06/2024,2,2086.94,1.87,13.84,0.95,2.08,0.73,0.00,0.00
15/06/2024,1,2084.69,1.35,16.17,0.98,3.00,0.66,0.00,0.00
15/06/2024,2,2092.31,1.64,21.75,0.62,2.39,0.59,3.74,0.57
16/06/2024,1,2205.26,1.75,19.18,0.57,1.10,0.47,2.80,0.40
16/06/2024,2,2110.56,1.6,25.35,0.65,1.20,0.43,2.40,0.37
17/06/2024,1,2001.93,1.39,16.31,0.59,1.06,0.48,1.58,0.39
17/06/2024,2,200.86,1.35,15.00,0.66,1.47,0.52,1.92,0.32
18/06/2024,1,1945.07,1.4,16.61,0.62,1.21,0.53,2.12,0.46
18/06/2024,2,2062.53,1.28,13.87,0.52,1.56,0.43,1.47,0.29
19/06/2024,1,1513.7,1.77,18.99,0.66,0.78,0.59,2.12,0.43
19/06/2024,2,1871.68,1.77,18.41,1.03,3.42,0.86,4.34,0.60
20/06/2024,1,1859.75,1.69,16.21,0.73,1.26,0.63,2.33,0.39
20/06/2024,2,2141.99,1.21,12.10,0.76,1.28,0.69,3.15,0.66
21/06/2024,1,2080.44,1.1,14.60,0.30,0.50,0.47,1.00,0.37
21/06/2024,2,2106.54,1.15,12.18,0.43,0.80,0.47,1.40,0.20
22/06/2024,1,2073.6,1.3,14.17,0.53,0.90,0.40,2.20,0.30
22/06/2024,2,2025.21,1.4,14.97,0.37,0.70,0.33,1.80,0.30
23/06/2024,1,2130.08,1.29,14.88,0.69,1.14,0.59,2.56,0.42
23/06/2024,2,2108.21,1.11,13.89,0.71,0.67,0.53,1.99,0.46
24/06/2024,1,2065.93,1.23,17.49,0.72,1.11,0.53,2.47,0.47
24/06/2024,2,1900.18,1.44,18.24,0.63,1.21,0.59,3.38,0.43
25/06/2024,1,2086.93,0.91,15.54,0.52,0.85,0.43,2.23,0.33
25/06/2024,2,1983.53,0.98,13.66,0.49,0.64,0.43,1.97,0.36
26/06/2024,1,1772.65,1.64,18.27,0.69,1.14,0.66,0.00,0.00
26/06/2024,2,2025.7,1.33,16.81,0.60,0.77,0.56,0.00,0.00
27/06/2024,1,2137.57,1.8,25.77,0.72,1.06,0.63,0.00,0.00
27/06/2024,2,2066.58,1.67,0.00,0.72,1.12,0.56,3.75,0.49
28/06/2024,1,2044.55,1.02,13.42,0.98,0.66,0.59,2.72,0.43
28/06/2024,2,2139.92,1.81,16.80,0.66,0.59,0.49,1.34,0.30
29/06/2024,1,2040.61,1.15,22.56,0.57,1.00,0.47,1.80,0.30
29/06/2024,2,2117.47,1.1,23.18,0.43,1.00,0.37,1.80,0.30
30/06/2024,1,2042.12,1.44,21.78,0.62,0.99,0.52,2.68,0.13
30/06/2024,2,2059.12,1.5,24.27,0.59,0.94,0.49,2.32,0.30
01/07/2024,1,1950.31,1.46,24.08,0.56,1.10,0.46,0.00,0.00
01/07/2024,2,1931.13,1.62,22.72,0.89,1.56,0.63,0.00,0.00
02/07/2024,1,2083.98,1.27,22.17,0.73,1.34,0.62,2.69,0.40
02/07/2024,2,2063.79,1.59,19.63,0.65,1.68,0.59,2.36,0.43
03/07/2024,1,2009,2.56,20.73,0.63,1.39,0.59,2.40,0.49
03/07/2024,2,1798.34,1.52,24.60,0.56,1.16,0.53,2.15,0.33
04/07/2024,1,2063.53,2.45,26.17,0.80,1.10,0.43,1.80,0.37
04/07/2024,2,2004.91,1.25,24.58,0.53,1.20,0.47,2.60,0.30
05/07/2024,1,2024.37,1.64,20.02,0.56,1.28,0.52,2.36,0.30
05/07/2024,2,2071.19,1.44,16.94,0.66,1.31,0.49,2.51,0.42
06/07/2024,1,1716.84,1.4,16.99,0.47,0.80,0.37,1.40,0.27
06/07/2024,2,2055.86,1.45,19.79,0.50,1.10,0.47,2.40,0.37
07/07/2024,1,2114.27,1.24,17.28,0.56,0.77,0.46,0.99,0.46
07/07/2024,2,2070.09,1.39,19.82,0.59,1.09,0.49,2.19,0.23
08/07/2024,1,2022.16,1.22,18.67,0.43,0.59,0.36,1.43,0.17
08/07/2024,2,2014.39,1.4,17.31,0.53,0.99,0.45,1.78,0.33
09/07/2024,1,2120.48,1.67,20.05,0.56,1.24,0.39,1.66,0.33
09/07/2024,2,1847.78,1.31,18.98,0.52,0.87,0.39,1.47,0.33
12/07/2024,1,1664.44,1.85,30.01,0.63,2.00,0.49,2.23,0.46
12/07/2024,2,2125.02,1.49,19.25,0.46,1.05,0.41,1.83,0.40
13/07/2024,1,1753.61,1.79,20.25,0.46,1.55,0.43,1.94,0.40
13/07/2024,2,2065.42,1.32,16.89,0.43,1.30,0.40,2.22,0.30
14/07/2024,1,2141.89,1.51,18.37,0.50,1.20,0.46,1.73,0.27
14/07/2024,2,2112.2,1.14,23.18,0.57,2.02,0.49,2.17,0.26
15/07/2024,1,2104.47,1.3,20.65,0.52,1.81,0.43,2.43,0.30
15/07/2024,2,2127.62,1.62,23.26,0.60,2.36,0.53,2.53,0.32
16/07/2024,1,2138.1,1.41,21.77,0.69,1.45,0.57,2.25,0.36
16/07/2024,2,1842.7,1.89,20.52,0.75,1.03,0.58,2.13,0.46
17/07/2024,1,2071.95,1.74,20.65,0.63,1.01,0.46,2.30,0.33
17/07/2024,2,1795.16,2.08,43.28,0.66,1.37,0.53,0.00,0.00
20/07/2024,2,2091,1.55,18.99,0.47,1.20,0.70,0.00,0.00
21/07/2024,1,2130,2.07,26.18,0.62,1.09,0.59,0.00,0.00
21/07/2024,2,2209,2.23,33.10,0.76,0.99,0.62,0.00,0.00
22/07/2024,1,1076,1.56,29.27,0.76,1.83,0.63,0.00,0.00
22/07/2024,2,1076,1.36,36.62,0.66,0.95,0.60,0.00,0.00
23/07/2024,1,2006,1.43,27.66,0.52,1.02,0.50,0.00,0.00
23/07/2024,2,2047,1.89,24.82,0.60,1.24,0.56,0.00,0.00
24/07/2024,1,2050,1.85,27.25,0.63,0.95,0.59,4.36,0.56
24/07/2024,2,2173,2.38,33.44,0.88,1.59,0.52,2.97,0.30
25/07/2024,1,2143,1.5,38.98,0.53,1.20,0.46,1.80,0.43
25/07/2024,2,2045,1.45,34.34,0.47,1.20,0.50,2.60,0.27
26/07/2024,1,2129,1.5,23.14,0.56,1.39,0.46,1.76,0.30
26/07/2024,2,2165,1.68,26.21,0.50,0.89,0.56,2.62,0.37
27/07/2024,1,2167,1.43,25.56,0.79,1.69,0.63,2.44,0.23
27/07/2024,2,2077,1.43,22.89,0.66,1.35,0.50,2.28,0.20
28/07/2024,1,2136,1.43,29.29,0.56,1.73,0.46,2.09,0.23
28/07/2024,2,2191,1.29,20.33,0.72,2.09,0.68,0.00,0.00
29/07/2024,1,2156,1.42,23.92,0.71,3.75,0.62,0.00,0.00
29/07/2024,2,1835,1.47,25.56,0.66,2.86,0.55,0.00,0.00
30/07/2024,1,1935.29,2.48,33.14,0.82,1.89,0.72,0.00,0.00
30/07/2024,2,1903.76,2.24,34.31,0.89,1.82,0.73,2.96,0.60
31/07/2024,1,2060,1.369467816,21.76,,1.35,0.43,0.00,0.00
31/07/2024,2,2060,1.369467816,21.76,,1.35,0.43,0.00,0.00
01/08/2024,1,2098.14,1.32,18.05,0.58,1.20,0.55,0.00,0.00
01/08/2024,2,2071.36,1.07,23.22,0.56,0.86,0.47,0.00,0.00
02/08/2024,1,2055.253344,1.37,20.29,0.53,1.34,0.46,0.00,0.00
02/08/2024,2,1093.293254,0.98,17.71,0.79,1.82,0.56,0.00,0.00
03/08/2024,1,2117.149947,1.43,29.25,0.57,2.06,0.50,0.00,0.00
03/08/2024,2,2086.241799,1.74,31.93,0.80,3.14,0.49,0.00,0.00
04/08/2024,1,2112.118535,1.43,32.42,0.49,4.10,0.40,0.00,0.00
04/08/2024,2,2100.503092,1.05,22.84,0.73,4.13,0.53,0.00,0.00
05/08/2024,1,1615.628907,1.47,28.69,0.71,3.14,0.46,0.00,0.00
05/08/2024,2,2131.49838,1.49,27.82,0.69,4.97,0.49,0.00,0.00
06/08/2024,1,2060.157575,1.53,31.77,0.69,1.47,0.56,0.00,0.00
06/08/2024,2,2064.105708,1.3,37.07,0.72,2.72,0.59,2.72,0.39
07/08/2024,1,2156.147,0.99,31.46,0.65,1.75,0.49,2.79,0.33
07/08/2024,2,2090.154347,1.42,30.33,0.63,2.47,0.59,1.77,0.43
08/08/2024,1,1621.062733,1.37,22.65,0.56,1.05,0.49,2.14,0.33
08/08/2024,2,1954.25178,2.42,24.95,0.75,0.95,0.69,2.57,0.53
09/08/2024,1,2142.260865,1.37,24.10,0.65,1.35,0.63,3.37,0.53
09/08/2024,2,2139.519136,0.89,20.01,0.59,0.84,0.53,2.14,0.43
10/08/2024,1,1884.628692,1.7,27.56,0.53,1.20,0.47,1.60,0.37
10/08/2024,2,2148.109818,1.3,26.75,0.53,1.30,0.47,1.60,0.30
11/08/2024,1,2138.991609,1.45,24.54,0.67,2.58,0.50,2.75,0.40
11/08/2024,2,2028.25325,1.45,25.16,0.76,4.47,0.53,2.57,0.43
12/08/2024,1,1930.345505,1.24,20.91,0.76,3.50,0.56,3.05,0.43
12/08/2024,2,2098.417125,1.4,20.71,0.77,4.38,0.42,0.00,0.00
13/08/2024,1,2054.018836,1.33,23.55,0.73,3.83,0.53,0.00,0.00
13/08/2024,2,2085.6105,1.23,30.89,0.88,4.22,0.60,0.00,0.00
14/08/2024,1,2110.448879,1.23,19.16,0.71,4.21,0.55,0.00,0.00
14/08/2024,2,2103.970413,1.09,21.95,0.55,4.66,0.42,3.36,0.36
15/08/2024,1,2062.713877,1.15,22.57,0.73,3.50,0.50,3.60,0.43
15/08/2024,2,2082.538593,1.15,23.36,0.50,2.30,0.50,3.20,0.47
16/08/2024,1,2114.604176,1.45,24.95,0.63,3.20,0.50,3.80,0.43
16/08/2024,2,2085.145396,1.75,30.99,0.57,2.50,0.53,3.60,0.47
17/08/2024,1,2112.494378,1.37,31.41,0.53,1.50,0.49,2.84,0.43
17/08/2024,2,2072.394,1.34,38.77,0.50,1.57,0.53,3.79,0.49
18/08/2024,1,2140.988666,1.55,29.57,0.47,1.90,0.43,3.39,0.37
18/08/2024,2,1997.726657,1.8,42.98,0.50,1.40,0.47,3.00,0.40
19/08/2024,1,2012.146149,1.39,35.90,0.98,2.02,0.59,2.77,0.47
19/08/2024,2,2119.683601,1.58,33.12,0.62,2.17,0.56,3.26,0.39
20/08/2024,1,2045.484498,1.82,30.39,0.57,1.30,0.53,3.50,0.40
20/08/2024,2,2068.204859,2.03,35.68,0.83,4.04,0.55,4.08,0.53
21/08/2024,1,2049.770541,1.94,31.28,0.62,1.63,0.50,4.03,0.40
21/08/2024,2,1991.2761,1.76,32.36,0.63,1.57,0.43,2.68,0.29
22/08/2024,1,2031.3742,2.39,34.17,0.50,1.30,0.46,2.56,0.33
22/08/2024,2,1367.163705,2.45,29.17,0.60,1.20,0.49,2.79,0.43
23/08/2024,1,1869.290625,2.31,25.24,0.56,2.44,0.52,2.91,0.45
23/08/2024,2,2019.518896,1.62,16.13,0.53,0.85,0.49,2.19,0.26
24/08/2024,1,2039.841708,1.45,22.98,0.40,1.00,0.37,1.80,0.30
24/08/2024,2,2018.53725,1.75,32.39,0.53,1.00,0.47,2.20,0.37
25/08/2024,1,1987.346922,2.02,32.18,0.58,2.19,0.49,2.96,0.39
25/08/2024,2,1716.538784,2.12,37.21,0.72,1.27,0.57,3.05,0.39
26/08/2024,1,2018.648273,1.896,41.14,0.93,1.49,0.77,2.93,0.60
26/08/2024,2,1943.906591,2.344,40.70,0.83,1.89,0.79,3.97,0.73
27/08/2024,1,2037.993633,2.146,39.30,0.70,1.49,0.60,3.75,0.53
27/08/2024,2,1995.251017,1.699,32.38,0.83,1.39,0.70,3.77,0.67
28/08/2024,1,2027.967092,1.949,31.88,0.77,1.29,0.57,3.34,0.50
28/08/2024,2,1989.086933,1.546,29.10,0.77,0.99,0.66,3.95,0.60
29/08/2024,1,1975.589233,1.494,25.48,0.70,1.04,0.53,2.60,0.42
29/08/2024,2,2051.990967,1.092,29.36,0.69,1.25,0.63,2.70,0.56
30/08/2024,1,1934.152929,0.899,35.00,1.00,1.10,0.63,2.77,0.37
30/08/2024,2,2000.128676,1.948,29.91,0.60,1.90,0.50,3.38,0.30
31/08/2024,1,1870.47,1.439,24.973,0.564,1.038,0.456,3.18,0.40
31/08/2024,2,1794.57,1.741,23.55,0.55,0.876,0.433,3.05,0.39
01/09/2024,1,0,2.326,46.68,0.66,1.20,0.56,0.00,0.00
01/09/2024,2,1789.523108,1.184,22.67,0.59,1.42,0.50,0.00,0.00
02/09/2024,1,0,1.136,23.45,0.80,1.25,0.36,2.01,0.20
02/09/2024,2,1829.484575,1.315,23.96,1.15,3.07,0.68,5.11,0.65
03/09/2024,1,1928.15038,1.1,18.71,0.70,2.08,0.67,3.97,0.63
03/09/2024,2,1589.161852,1.295,19.27,0.60,1.15,0.52,2.29,0.43
07/09/2024,1,1873.896496,1.05,20.57,0.63,1.40,0.47,0,0
07/09/2024,2,2056.237407,1.3,21.16,0.55,1.30,0.40,0,0
08/09/2024,1,1173.230238,1.35,24.79,0.63,1.49,0.47,0,0
08/09/2024,2,2229.781041,1.2,24.79,0.53,1.29,0.50,0,0
09/09/2024,1,2058.726783,1.16,22.08,0.52,0.92,0.42,0,0
09/09/2024,2,2063.180272,1.39,22.42,0.50,1.09,0.43,0,0
10/09/2024,1,1852.797727,1.372,21.37,0.60,1.12,0.49,4.48,0.46
10/09/2024,2,2007.861529,1.244,29.87,0.53,1.65,0.43,2.69,0.30
11/09/2024,1,2101.383227,1.365,13.81,0.44,1.95,0.43,2.61,0.20
11/09/2024,2,1987.781256,1.605,28.58,0.56,2.18,0.53,2.96,0.33
12/09/2024,1,2013.848148,1.699,29.79,0.57,1.80,0.50,2.60,0.30
12/09/2024,2,2046.814138,1.299,29.39,0.47,1.10,0.50,2.60,0.30
13/09/2024,1,2072.978257,1.35,22.99,0.60,1.10,0.50,2.20,0.50
13/09/2024,2,2115.723825,1.15,24.79,0.63,1.50,0.50,2.20,0.50
14/09/2024,1,2187.721782,1,20.40,0.53,1.60,0.30,0.00,0.00
14/09/2024,2,2195.052057,1.45,23.57,0.50,1.30,0.30,0.00,0.00
15/09/2024,1,2133.731956,1.299,22.57,0.43,1.10,0.30,2.20,0.30
15/09/2024,2,2184.300438,1.25,25.39,0.50,1.50,0.37,2.20,0.30
16/09/2024,1,2123.446938,1.35,19.79,0.43,0.90,0.37,2.40,0.27
16/09/2024,2,2090.411996,1.25,23.76,0.43,0.90,0.40,2.00,0.30
17/09/2024,1,2022.059666,1.2,26.36,0.40,1.50,0.43,2.20,0.33
17/09/2024,2,2003.209753,1.25,28.97,0.47,1.10,0.43,2.20,0.33
18/09/2024,1,1958.897354,1.524,28.12,0.63,2.10,0.49,2.45,0.46
18/09/2024,2,2046.164478,2.004,31.35,0.56,1.85,0.47,2.58,0.43
19/09/2024,1,1971.158585,1.25,26.35,1.03,2.80,0.53,2.60,0.40
19/09/2024,2,2038.466439,1.35,22.56,0.53,2.20,0.50,2.60,0.37
20/09/2024,1,1890.55285,2.333,23.45,0.49,0.99,0.36,1.64,0.29
20/09/2024,2,2170.952882,1.334,26.44,0.47,1.95,0.36,2.10,0.23
21/09/2024,1,2031.930334,1.183,22.67,0.46,1.38,0.39,2.32,0.16
21/09/2024,2,1990.338164,1.409,30.07,0.52,1.47,0.40,2.51,0.17
22/09/2024,1,1255.510441,2.193,20.30,1.03,1.29,0.40,0.79,0.30
22/09/2024,2,1808.78553,1.248,18.83,0.63,2.19,0.43,1.20,0.27
23/09/2024,1,1196.080315,1.944,26.43,0.73,2.59,0.60,2.36,0.43
23/09/2024,2,1822.617681,1.348,32.70,0.47,1.50,0.47,2.39,0.37
24/09/2024,1,1745.128304,1.597,23.37,0.50,1.19,0.47,2.16,0.33
24/09/2024,2,1875.072352,1.545,20.80,0.60,1.20,0.47,2.17,0.37
25/09/2024,1,1580.191706,1.396,15.73,0.60,1.60,0.53,1.97,0.47
25/09/2024,2,1855.608636,1.445,22.41,0.70,2.10,0.50,2.19,0.47
26/09/2024,1,2040.122739,1.297,20.53,1.46,1.49,0.57,2.16,0.50
26/09/2024,2,2071.68,1.497,21.72,0.63,1.88,0.50,2.78,0.47
27/09/2024,1,1763.482552,1.745,34.40,0.67,2.19,0.53,2.79,0.43
27/09/2024,2,2113.890245,1.694,29.06,0.60,2.00,0.53,3.13,0.47
28/09/2024,1,1979.603954,1.707,30.36,0.70,2.49,0.53,2.79,0.49
28/09/2024,2,1985.050617,1.56,35.04,0.75,3.03,0.53,2.89,0.53
29/09/2024,1,2080.121574,1.395,30.64,0.59,4.80,0.47,1.79,0.43
29/09/2024,2,2012.2373,1.445,26.73,0.63,2.94,0.49,2.14,0.46
30/09/2024,1,2040.413769,1.82,28.68,0.97,5.46,0.63,3.04,0.56
30/09/2024,2,2099.210337,2.085,29.06,0.60,2.20,0.46,2.61,0.33
